fecha,sector,region,segmento,exposicion,num_contratos,tasa_bruta_mensual,pd_mensual,lgd,perdida_esperada_monto,perdida_esperada_tasa,rendimiento_neto_mensual,pct_cartera_mensual,limite_maximo_ejemplo_pct
2021-01-31,Agroindustria,Bajio,Agroindustria - Bajio,80147106.05,32,0.018739,0.009,0.416834,300672.22,0.003752,0.014987,0.026243,0.1461
2021-01-31,Agroindustria,Centro,Agroindustria - Centro,104236252.61,51,0.019443,0.01,0.505649,527069.35,0.005056,0.014387,0.034131,0.148
2021-01-31,Agroindustria,Norte,Agroindustria - Norte,91667298.06,44,0.01896,0.0095,0.484063,421540.91,0.004599,0.014361,0.030015,0.0963
2021-01-31,Agroindustria,Sur,Agroindustria - Sur,56027726.38,27,0.02026,0.012,0.461023,309961.06,0.005532,0.014727,0.018346,0.1325
2021-01-31,Comercio,Bajio,Comercio - Bajio,149904813.98,117,0.018599,0.0081,0.457067,554984.12,0.003702,0.014896,0.049085,0.0986
2021-01-31,Comercio,Centro,Comercio - Centro,194675999.75,139,0.016799,0.009,0.466506,817357.83,0.004199,0.012601,0.063745,0.1481
2021-01-31,Comercio,Norte,Comercio - Norte,172651451.91,162,0.020309,0.00855,0.386124,569984.73,0.003301,0.017008,0.056533,0.1952
2021-01-31,Comercio,Sur,Comercio - Sur,104904207.2,86,0.020125,0.0108,0.425716,482321.95,0.004598,0.015527,0.03435,0.0872
2021-01-31,Construccion,Bajio,Construccion - Bajio,95014400.39,28,0.021471,0.0117,0.598836,665706.69,0.007006,0.014465,0.031111,0.0817
2021-01-31,Construccion,Centro,Construccion - Centro,123822268.73,36,0.020422,0.013,0.571391,919762.78,0.007428,0.012994,0.040544,0.1817
2021-01-31,Construccion,Norte,Construccion - Norte,109326521.43,27,0.022516,0.01235,0.513092,692768.12,0.006337,0.016179,0.035798,0.1426
2021-01-31,Construccion,Sur,Construccion - Sur,66538063.93,17,0.02194,0.0156,0.573129,594904.81,0.008941,0.012999,0.021787,0.2056
2021-01-31,Manufactura,Bajio,Manufactura - Bajio,180030103.59,56,0.016393,0.0054,0.420572,408864.81,0.002271,0.014122,0.058949,0.1784
2021-01-31,Manufactura,Centro,Manufactura - Centro,235215711.3,90,0.015498,0.006,0.368784,520462.3,0.002213,0.013285,0.077019,0.1891
2021-01-31,Manufactura,Norte,Manufactura - Norte,207605037.94,78,0.017352,0.0057,0.375612,444479.7,0.002141,0.015211,0.067978,0.1884
2021-01-31,Manufactura,Sur,Manufactura - Sur,126616172.8,44,0.017128,0.0072,0.40009,364736.44,0.002881,0.014247,0.041459,0.1141
2021-01-31,Servicios,Bajio,Servicios - Bajio,120184967.71,129,0.014977,0.0045,0.374888,202751.4,0.001687,0.01329,0.039353,0.1386
2021-01-31,Servicios,Centro,Servicios - Centro,156120047.79,158,0.015969,0.005,0.367917,287195.72,0.00184,0.014129,0.05112,0.219
2021-01-31,Servicios,Norte,Servicios - Norte,138610136.88,152,0.016769,0.00475,0.368717,242762.51,0.001751,0.015017,0.045386,0.1129
2021-01-31,Servicios,Sur,Servicios - Sur,83620452.07,93,0.018045,0.006,0.374775,188033.01,0.002249,0.015796,0.027381,0.122
2021-01-31,Transporte,Bajio,Transporte - Bajio,110087391.49,63,0.01916,0.0099,0.510099,555938.82,0.00505,0.01411,0.036047,0.1471
2021-01-31,Transporte,Centro,Transporte - Centro,143134342.02,88,0.020192,0.011,0.492137,774858.56,0.005414,0.014778,0.046868,0.1669
2021-01-31,Transporte,Norte,Transporte - Norte,126845952.59,73,0.020649,0.01045,0.541883,718287.37,0.005663,0.014986,0.041534,0.1629
2021-01-31,Transporte,Sur,Transporte - Sur,77014059.24,41,0.019727,0.0132,0.516155,524715.67,0.006813,0.012914,0.025217,0.1331
2021-02-28,Agroindustria,Bajio,Agroindustria - Bajio,81297805.21,32,0.01696,0.006965,0.46367,262547.59,0.003229,0.01373,0.026352,0.1461
2021-02-28,Agroindustria,Centro,Agroindustria - Centro,104992776.98,45,0.017742,0.012383,0.44021,572339.64,0.005451,0.012291,0.034033,0.148
2021-02-28,Agroindustria,Norte,Agroindustria - Norte,93135852.52,46,0.018543,0.011352,0.531543,561969.02,0.006034,0.012509,0.03019,0.0963
2021-02-28,Agroindustria,Sur,Agroindustria - Sur,56677868.4,29,0.020973,0.006265,0.536167,190372.33,0.003359,0.017614,0.018372,0.1325
2021-02-28,Comercio,Bajio,Comercio - Bajio,151155950.97,112,0.017857,0.010574,0.476158,761054.38,0.005035,0.012822,0.048996,0.0986
2021-02-28,Comercio,Centro,Comercio - Centro,196434500.7,150,0.01831,0.006841,0.428908,576394.31,0.002934,0.015375,0.063673,0.1481
2021-02-28,Comercio,Norte,Comercio - Norte,174181888.9,150,0.017937,0.007669,0.457729,611437.54,0.00351,0.014427,0.05646,0.1952
2021-02-28,Comercio,Sur,Comercio - Sur,106129682.75,84,0.020236,0.011854,0.470325,591708.49,0.005575,0.014661,0.034401,0.0872
2021-02-28,Construccion,Bajio,Construccion - Bajio,95891451.95,31,0.019052,0.010413,0.610678,609757.22,0.006359,0.012693,0.031083,0.0817
2021-02-28,Construccion,Centro,Construccion - Centro,125396853.68,35,0.020661,0.015689,0.526865,1036500.4,0.008266,0.012395,0.040647,0.1817
2021-02-28,Construccion,Norte,Construccion - Norte,110483750.01,30,0.021559,0.014798,0.51848,847678.22,0.007672,0.013886,0.035813,0.1426
2021-02-28,Construccion,Sur,Construccion - Sur,67309142.12,21,0.023883,0.01087,0.538277,393820.57,0.005851,0.018032,0.021818,0.2056
2021-02-28,Manufactura,Bajio,Manufactura - Bajio,181470673.72,72,0.015634,0.00646,0.389471,456545.02,0.002516,0.013118,0.058823,0.1784
2021-02-28,Manufactura,Centro,Manufactura - Centro,238079426.35,83,0.015939,0.004123,0.414241,406573.06,0.001708,0.014232,0.077172,0.1891
2021-02-28,Manufactura,Norte,Manufactura - Norte,208702243.47,83,0.017567,0.004279,0.387539,346080.67,0.001658,0.015909,0.06765,0.1884
2021-02-28,Manufactura,Sur,Manufactura - Sur,127919638.47,40,0.017421,0.011237,0.410206,589657.52,0.00461,0.012811,0.041464,0.1141
2021-02-28,Servicios,Bajio,Servicios - Bajio,122029542.17,138,0.014667,0.004359,0.380397,202358.49,0.001658,0.013008,0.039555,0.1386
2021-02-28,Servicios,Centro,Servicios - Centro,157401387.15,181,0.015464,0.006609,0.351667,365802.72,0.002324,0.01314,0.051021,0.219
2021-02-28,Servicios,Norte,Servicios - Norte,140094455.37,167,0.016243,0.005449,0.366258,279596.11,0.001996,0.014247,0.045411,0.1129
2021-02-28,Servicios,Sur,Servicios - Sur,84149404.85,96,0.018951,0.006593,0.384147,213114.21,0.002533,0.016418,0.027277,0.122
2021-02-28,Transporte,Bajio,Transporte - Bajio,111734495.37,78,0.018737,0.012418,0.437003,606326.13,0.005426,0.013311,0.036218,0.1471
2021-02-28,Transporte,Centro,Transporte - Centro,144640195.78,87,0.017991,0.010758,0.478224,744149.51,0.005145,0.012846,0.046884,0.1669
2021-02-28,Transporte,Norte,Transporte - Norte,127795111.24,80,0.022137,0.013151,0.529047,889123.05,0.006957,0.01518,0.041424,0.1629
2021-02-28,Transporte,Sur,Transporte - Sur,77936779.8,46,0.020766,0.014411,0.499639,561178.9,0.0072,0.013566,0.025263,0.1331
2021-03-31,Agroindustria,Bajio,Agroindustria - Bajio,82546642.63,33,0.018497,0.007714,0.472572,300905.87,0.003645,0.014852,0.026512,0.1461
2021-03-31,Agroindustria,Centro,Agroindustria - Centro,105596810.2,45,0.019422,0.010898,0.473374,544740.05,0.005159,0.014263,0.033915,0.148
2021-03-31,Agroindustria,Norte,Agroindustria - Norte,94436018.74,41,0.021343,0.011023,0.472809,492185.96,0.005212,0.016131,0.030331,0.0963
2021-03-31,Agroindustria,Sur,Agroindustria - Sur,57231023.6,29,0.019219,0.006986,0.47857,191334.58,0.003343,0.015876,0.018381,0.1325
2021-03-31,Comercio,Bajio,Comercio - Bajio,152434338.91,125,0.016409,0.011508,0.433146,759839.26,0.004985,0.011425,0.048958,0.0986
2021-03-31,Comercio,Centro,Comercio - Centro,198019612.1,176,0.018186,0.008851,0.446419,782412.31,0.003951,0.014235,0.063599,0.1481
2021-03-31,Comercio,Norte,Comercio - Norte,175440709.45,126,0.017697,0.003937,0.475364,328357.73,0.001872,0.015825,0.056347,0.1952
2021-03-31,Comercio,Sur,Comercio - Sur,107332389.44,90,0.019553,0.013036,0.427684,598419.4,0.005575,0.013978,0.034473,0.0872
2021-03-31,Construccion,Bajio,Construccion - Bajio,96542007.3,26,0.020089,0.016384,0.525571,831304.65,0.008611,0.011478,0.031007,0.0817
2021-03-31,Construccion,Centro,Construccion - Centro,126961627.08,35,0.020141,0.010214,0.500458,648992.68,0.005112,0.015029,0.040777,0.1817
2021-03-31,Construccion,Norte,Construccion - Norte,111296786.56,30,0.022173,0.012918,0.497544,715352.67,0.006427,0.015745,0.035746,0.1426
2021-03-31,Construccion,Sur,Construccion - Sur,67896794.37,22,0.023824,0.011094,0.546784,411876.89,0.006066,0.017758,0.021807,0.2056
2021-03-31,Manufactura,Bajio,Manufactura - Bajio,182549349.74,63,0.016553,0.006668,0.369332,449585.59,0.002463,0.01409,0.05863,0.1784
2021-03-31,Manufactura,Centro,Manufactura - Centro,241377689.85,85,0.016748,0.002002,0.396067,191417.14,0.000793,0.015955,0.077525,0.1891
2021-03-31,Manufactura,Norte,Manufactura - Norte,209770761.39,74,0.017891,0.005062,0.381637,405226.04,0.001932,0.01596,0.067373,0.1884
2021-03-31,Manufactura,Sur,Manufactura - Sur,129870169.03,49,0.018466,0.010628,0.420102,579862.16,0.004465,0.014001,0.041711,0.1141
2021-03-31,Servicios,Bajio,Servicios - Bajio,123296577.66,120,0.015924,0.003694,0.402072,183129.96,0.001485,0.014439,0.0396,0.1386
2021-03-31,Servicios,Centro,Servicios - Centro,158568759.06,172,0.014737,0.00398,0.372945,235371.18,0.001484,0.013253,0.050928,0.219
2021-03-31,Servicios,Norte,Servicios - Norte,140929601.98,135,0.01642,0.004815,0.403069,273485.4,0.001941,0.014479,0.045263,0.1129
2021-03-31,Servicios,Sur,Servicios - Sur,84438882.95,80,0.017921,0.00238,0.412624,82910.67,0.000982,0.016939,0.02712,0.122
2021-03-31,Transporte,Bajio,Transporte - Bajio,112743571.52,60,0.020145,0.010143,0.47643,544811.51,0.004832,0.015312,0.03621,0.1471
2021-03-31,Transporte,Centro,Transporte - Centro,146469441.09,85,0.019295,0.011609,0.463535,788148.13,0.005381,0.013914,0.047042,0.1669
2021-03-31,Transporte,Norte,Transporte - Norte,129021625.65,91,0.020256,0.008294,0.572534,612652.88,0.004748,0.015508,0.041439,0.1629
2021-03-31,Transporte,Sur,Transporte - Sur,78793723.45,52,0.020145,0.018712,0.490552,723248.17,0.009179,0.010966,0.025307,0.1331
2021-04-30,Agroindustria,Bajio,Agroindustria - Bajio,83129868.36,33,0.019871,0.00745,0.473537,293286.7,0.003528,0.016343,0.026463,0.1461
2021-04-30,Agroindustria,Centro,Agroindustria - Centro,106443780.33,48,0.018444,0.009477,0.466328,470394.13,0.004419,0.014025,0.033885,0.148
2021-04-30,Agroindustria,Norte,Agroindustria - Norte,95698159.79,49,0.020023,0.013495,0.481578,621921.29,0.006499,0.013524,0.030464,0.0963
2021-04-30,Agroindustria,Sur,Agroindustria - Sur,57777673.01,28,0.018745,0.012286,0.533053,378391.39,0.006549,0.012196,0.018393,0.1325
2021-04-30,Comercio,Bajio,Comercio - Bajio,154185955.8,125,0.017784,0.009216,0.431514,613147.87,0.003977,0.013808,0.049083,0.0986
2021-04-30,Comercio,Centro,Comercio - Centro,199509911.95,169,0.017427,0.005077,0.401373,406529.97,0.002038,0.01539,0.063512,0.1481
2021-04-30,Comercio,Norte,Comercio - Norte,177665194.82,133,0.018469,0.004262,0.402731,304982.03,0.001717,0.016752,0.056558,0.1952
2021-04-30,Comercio,Sur,Comercio - Sur,108201561.88,88,0.019665,0.015161,0.434354,712539.21,0.006585,0.01308,0.034445,0.0872
2021-04-30,Construccion,Bajio,Construccion - Bajio,97031685.02,26,0.022759,0.011218,0.565797,615871.62,0.006347,0.016411,0.030889,0.0817
2021-04-30,Construccion,Centro,Construccion - Centro,128218761.08,33,0.020788,0.010418,0.516276,689634.69,0.005379,0.01541,0.040817,0.1817
2021-04-30,Construccion,Norte,Construccion - Norte,111995802.19,27,0.02197,0.007237,0.575992,466829.72,0.004168,0.017801,0.035653,0.1426
2021-04-30,Construccion,Sur,Construccion - Sur,68467140.65,22,0.022164,0.012534,0.546919,469360.63,0.006855,0.015309,0.021796,0.2056
2021-04-30,Manufactura,Bajio,Manufactura - Bajio,184498665.81,70,0.015776,0.005514,0.397115,404019.12,0.00219,0.013586,0.058733,0.1784
2021-04-30,Manufactura,Centro,Manufactura - Centro,243793816.73,78,0.017436,0.001411,0.345073,118676.88,0.000487,0.016949,0.077609,0.1891
2021-04-30,Manufactura,Norte,Manufactura - Norte,211251143.4,70,0.016024,0.003867,0.395776,323328.84,0.001531,0.014493,0.067249,0.1884
2021-04-30,Manufactura,Sur,Manufactura - Sur,131350622.54,45,0.018588,0.010848,0.388755,553956.12,0.004217,0.01437,0.041814,0.1141
2021-04-30,Servicios,Bajio,Servicios - Bajio,124636820.24,124,0.016158,0.006402,0.339252,270700.98,0.002172,0.013986,0.039677,0.1386
2021-04-30,Servicios,Centro,Servicios - Centro,159545668.64,171,0.014725,0.002534,0.453747,183422.14,0.00115,0.013575,0.05079,0.219
2021-04-30,Servicios,Norte,Servicios - Norte,142068695.68,141,0.015349,0.005969,0.404573,343070.6,0.002415,0.012935,0.045226,0.1129
2021-04-30,Servicios,Sur,Servicios - Sur,84874655.47,104,0.018312,0.002864,0.405895,98676.0,0.001163,0.017149,0.027019,0.122
2021-04-30,Transporte,Bajio,Transporte - Bajio,113979265.31,72,0.019145,0.010972,0.536135,670481.58,0.005882,0.013262,0.036284,0.1471
2021-04-30,Transporte,Centro,Transporte - Centro,147752859.64,99,0.017819,0.016606,0.457594,1122749.9,0.007599,0.01022,0.047035,0.1669
2021-04-30,Transporte,Norte,Transporte - Norte,129813979.3,92,0.020928,0.011039,0.458314,656747.72,0.005059,0.015868,0.041325,0.1629
2021-04-30,Transporte,Sur,Transporte - Sur,79417827.86,44,0.023248,0.021701,0.5728,987180.09,0.01243,0.010817,0.025282,0.1331
2021-05-31,Agroindustria,Bajio,Agroindustria - Bajio,83919352.18,39,0.019377,0.011144,0.460148,430345.26,0.005128,0.014249,0.026523,0.1461
2021-05-31,Agroindustria,Centro,Agroindustria - Centro,107198904.0,45,0.018147,0.007861,0.475833,400994.37,0.003741,0.014406,0.03388,0.148
2021-05-31,Agroindustria,Norte,Agroindustria - Norte,96627687.61,47,0.020114,0.016019,0.454039,702806.77,0.007273,0.012841,0.030539,0.0963
2021-05-31,Agroindustria,Sur,Agroindustria - Sur,58259678.31,24,0.022465,0.015609,0.438048,398346.31,0.006837,0.015628,0.018413,0.1325
2021-05-31,Comercio,Bajio,Comercio - Bajio,154823186.02,130,0.016607,0.010413,0.414169,667694.78,0.004313,0.012294,0.048932,0.0986
2021-05-31,Comercio,Centro,Comercio - Centro,201013953.31,167,0.018007,0.003572,0.37967,272617.87,0.001356,0.01665,0.06353,0.1481
2021-05-31,Comercio,Norte,Comercio - Norte,178941201.73,136,0.019348,0.001572,0.430157,121030.37,0.000676,0.018672,0.056554,0.1952
2021-05-31,Comercio,Sur,Comercio - Sur,109166994.53,94,0.020811,0.015043,0.421681,692490.46,0.006343,0.014468,0.034502,0.0872
2021-05-31,Construccion,Bajio,Construccion - Bajio,97388292.12,29,0.020032,0.01241,0.566764,684996.34,0.007034,0.012998,0.030779,0.0817
2021-05-31,Construccion,Centro,Construccion - Centro,130142894.0,39,0.022987,0.008973,0.550166,642449.58,0.004936,0.018051,0.041131,0.1817
2021-05-31,Construccion,Norte,Construccion - Norte,112626020.12,33,0.021062,0.008832,0.55751,554577.87,0.004924,0.016138,0.035595,0.1426
2021-05-31,Construccion,Sur,Construccion - Sur,68868579.87,17,0.024033,0.016366,0.550947,620976.37,0.009017,0.015016,0.021766,0.2056
2021-05-31,Manufactura,Bajio,Manufactura - Bajio,186189129.92,60,0.015867,0.003719,0.433841,300444.59,0.001614,0.014253,0.058845,0.1784
2021-05-31,Manufactura,Centro,Manufactura - Centro,246080328.65,79,0.01699,0.002759,0.427849,290433.9,0.00118,0.015809,0.077773,0.1891
2021-05-31,Manufactura,Norte,Manufactura - Norte,211984609.86,70,0.01697,0.003603,0.431979,329958.59,0.001557,0.015413,0.066997,0.1884
2021-05-31,Manufactura,Sur,Manufactura - Sur,132703845.66,51,0.017545,0.013212,0.422687,741065.71,0.005584,0.011961,0.041941,0.1141
2021-05-31,Servicios,Bajio,Servicios - Bajio,125381231.06,157,0.016074,0.006016,0.354772,267593.78,0.002134,0.013939,0.039626,0.1386
2021-05-31,Servicios,Centro,Servicios - Centro,160121199.78,201,0.016621,0.001614,0.421762,108970.82,0.000681,0.015941,0.050606,0.219
2021-05-31,Servicios,Norte,Servicios - Norte,143487580.55,165,0.014535,0.00612,0.363947,319592.22,0.002227,0.012308,0.045349,0.1129
2021-05-31,Servicios,Sur,Servicios - Sur,84884757.63,97,0.017169,0.002865,0.375148,91237.39,0.001075,0.016095,0.026828,0.122
2021-05-31,Transporte,Bajio,Transporte - Bajio,115103052.26,68,0.018359,0.010635,0.502376,614952.84,0.005343,0.013016,0.036378,0.1471
2021-05-31,Transporte,Centro,Transporte - Centro,148697158.43,88,0.018452,0.016002,0.429808,1022683.43,0.006878,0.011574,0.046995,0.1669
2021-05-31,Transporte,Norte,Transporte - Norte,130563405.48,72,0.021032,0.01029,0.543745,730524.91,0.005595,0.015437,0.041264,0.1629
2021-05-31,Transporte,Sur,Transporte - Sur,79904024.48,44,0.022326,0.022951,0.47549,872000.98,0.010913,0.011413,0.025254,0.1331
2021-06-30,Agroindustria,Bajio,Agroindustria - Bajio,84556821.61,39,0.016667,0.011589,0.469755,460332.03,0.005444,0.011223,0.02659,0.1461
2021-06-30,Agroindustria,Centro,Agroindustria - Centro,107698071.75,51,0.017855,0.003031,0.505452,164983.8,0.001532,0.016323,0.033868,0.148
2021-06-30,Agroindustria,Norte,Agroindustria - Norte,97696588.96,48,0.020421,0.017889,0.501499,876485.01,0.008972,0.011449,0.030722,0.0963
2021-06-30,Agroindustria,Sur,Agroindustria - Sur,58552949.7,23,0.019775,0.013312,0.495546,386255.4,0.006597,0.013179,0.018413,0.1325
2021-06-30,Comercio,Bajio,Comercio - Bajio,156095136.14,121,0.018885,0.011808,0.418066,770592.27,0.004937,0.013948,0.049087,0.0986
2021-06-30,Comercio,Centro,Comercio - Centro,201042040.41,145,0.017462,0.007798,0.478283,749826.62,0.00373,0.013732,0.063221,0.1481
2021-06-30,Comercio,Norte,Comercio - Norte,179529316.08,171,0.018858,0.004687,0.415276,349407.49,0.001946,0.016912,0.056456,0.1952
2021-06-30,Comercio,Sur,Comercio - Sur,109975857.32,103,0.019841,0.015728,0.489035,845883.06,0.007692,0.012149,0.034584,0.0872
2021-06-30,Construccion,Bajio,Construccion - Bajio,97803513.56,25,0.020431,0.009394,0.561629,515998.47,0.005276,0.015155,0.030756,0.0817
2021-06-30,Construccion,Centro,Construccion - Centro,131409891.79,39,0.022469,0.007376,0.525271,509107.26,0.003874,0.018595,0.041324,0.1817
2021-06-30,Construccion,Norte,Construccion - Norte,113165047.28,34,0.02208,0.011599,0.565158,741849.65,0.006555,0.015524,0.035587,0.1426
2021-06-30,Construccion,Sur,Construccion - Sur,69084437.47,18,0.022832,0.014911,0.56418,581176.43,0.008413,0.01442,0.021725,0.2056
2021-06-30,Manufactura,Bajio,Manufactura - Bajio,187409960.57,76,0.017312,0.0051,0.331578,316911.73,0.001691,0.015621,0.058934,0.1784
2021-06-30,Manufactura,Centro,Manufactura - Centro,247630993.45,99,0.014639,0.004031,0.38185,381167.06,0.001539,0.0131,0.077872,0.1891
2021-06-30,Manufactura,Norte,Manufactura - Norte,212492330.65,81,0.016843,0.005769,0.404711,496135.52,0.002335,0.014508,0.066822,0.1884
2021-06-30,Manufactura,Sur,Manufactura - Sur,133747716.96,53,0.018964,0.012546,0.411365,690252.23,0.005161,0.013803,0.042059,0.1141
2021-06-30,Servicios,Bajio,Servicios - Bajio,126013270.32,151,0.014711,0.007527,0.388189,368189.47,0.002922,0.011789,0.039627,0.1386
2021-06-30,Servicios,Centro,Servicios - Centro,160444776.08,160,0.015386,0.002042,0.354412,116138.28,0.000724,0.014662,0.050455,0.219
2021-06-30,Servicios,Norte,Servicios - Norte,144461122.58,148,0.016473,0.005086,0.367905,270313.5,0.001871,0.014602,0.045428,0.1129
2021-06-30,Servicios,Sur,Servicios - Sur,84958211.77,84,0.015703,0.002108,0.3599,64442.67,0.000759,0.014945,0.026717,0.122
2021-06-30,Transporte,Bajio,Transporte - Bajio,115920472.09,66,0.017495,0.007919,0.45749,419956.69,0.003623,0.013872,0.036453,0.1471
2021-06-30,Transporte,Centro,Transporte - Centro,149221539.06,94,0.02029,0.008832,0.46831,617225.23,0.004136,0.016153,0.046925,0.1669
2021-06-30,Transporte,Norte,Transporte - Norte,131042399.38,78,0.019362,0.009761,0.502104,642269.48,0.004901,0.01446,0.041209,0.1629
2021-06-30,Transporte,Sur,Transporte - Sur,80022981.57,44,0.019042,0.016797,0.508938,684082.88,0.008549,0.010493,0.025165,0.1331
2021-07-31,Agroindustria,Bajio,Agroindustria - Bajio,85261744.77,38,0.017537,0.011664,0.531717,528766.36,0.006202,0.011335,0.026718,0.1461
2021-07-31,Agroindustria,Centro,Agroindustria - Centro,107543004.61,53,0.01799,0.007294,0.496625,389555.77,0.003622,0.014367,0.0337,0.148
2021-07-31,Agroindustria,Norte,Agroindustria - Norte,98164585.59,48,0.020295,0.019494,0.521,997003.33,0.010156,0.010139,0.030761,0.0963
2021-07-31,Agroindustria,Sur,Agroindustria - Sur,58784700.72,25,0.02027,0.008925,0.542132,284417.42,0.004838,0.015432,0.018421,0.1325
2021-07-31,Comercio,Bajio,Comercio - Bajio,156700792.03,112,0.018302,0.014409,0.395148,892189.11,0.005694,0.012608,0.049104,0.0986
2021-07-31,Comercio,Centro,Comercio - Centro,201733966.73,160,0.017067,0.007391,0.42045,626928.69,0.003108,0.013959,0.063216,0.1481
2021-07-31,Comercio,Norte,Comercio - Norte,180328338.64,138,0.01834,0.008508,0.421039,645993.59,0.003582,0.014757,0.056508,0.1952
2021-07-31,Comercio,Sur,Comercio - Sur,110632514.96,106,0.020399,0.014289,0.469003,741408.75,0.006702,0.013697,0.034668,0.0872
2021-07-31,Construccion,Bajio,Construccion - Bajio,98065936.48,32,0.019772,0.012396,0.561969,683169.32,0.006966,0.012806,0.03073,0.0817
2021-07-31,Construccion,Centro,Construccion - Centro,132464036.16,34,0.021371,0.009613,0.561282,714701.17,0.005395,0.015975,0.041509,0.1817
2021-07-31,Construccion,Norte,Construccion - Norte,113355807.75,28,0.021321,0.013488,0.507115,775369.23,0.00684,0.014481,0.035521,0.1426
2021-07-31,Construccion,Sur,Construccion - Sur,69317950.97,17,0.021414,0.008916,0.62605,386903.91,0.005582,0.015833,0.021722,0.2056
2021-07-31,Manufactura,Bajio,Manufactura - Bajio,187860069.13,61,0.015301,0.005617,0.355101,374674.13,0.001994,0.013307,0.058868,0.1784
2021-07-31,Manufactura,Centro,Manufactura - Centro,248643218.66,77,0.016707,0.004741,0.383983,452626.69,0.00182,0.014887,0.077915,0.1891
2021-07-31,Manufactura,Norte,Manufactura - Norte,212505235.1,83,0.016688,0.005251,0.395241,441043.8,0.002075,0.014612,0.066591,0.1884
2021-07-31,Manufactura,Sur,Manufactura - Sur,134612540.08,53,0.019105,0.00994,0.362956,485632.67,0.003608,0.015498,0.042182,0.1141
2021-07-31,Servicios,Bajio,Servicios - Bajio,126950097.22,159,0.013208,0.006853,0.377005,327977.35,0.002584,0.010624,0.039781,0.1386
2021-07-31,Servicios,Centro,Servicios - Centro,161046714.5,206,0.016727,0.002029,0.399427,130511.73,0.00081,0.015917,0.050466,0.219
2021-07-31,Servicios,Norte,Servicios - Norte,145064534.62,169,0.016622,0.004007,0.396234,230339.96,0.001588,0.015034,0.045458,0.1129
2021-07-31,Servicios,Sur,Servicios - Sur,84804856.27,103,0.015495,0.004314,0.414058,151469.36,0.001786,0.013709,0.026575,0.122
2021-07-31,Transporte,Bajio,Transporte - Bajio,116143334.94,72,0.018716,0.006709,0.570675,444640.16,0.003828,0.014888,0.036395,0.1471
2021-07-31,Transporte,Centro,Transporte - Centro,149890052.6,106,0.019402,0.008899,0.518825,692052.39,0.004617,0.014784,0.04697,0.1669
2021-07-31,Transporte,Norte,Transporte - Norte,131234822.85,87,0.020899,0.010935,0.524183,752241.12,0.005732,0.015167,0.041124,0.1629
2021-07-31,Transporte,Sur,Transporte - Sur,80087373.84,44,0.019802,0.013962,0.477493,533909.15,0.006667,0.013135,0.025096,0.1331
2021-08-31,Agroindustria,Bajio,Agroindustria - Bajio,85863209.16,41,0.018379,0.01329,0.499864,570425.05,0.006643,0.011735,0.026873,0.1461
2021-08-31,Agroindustria,Centro,Agroindustria - Centro,107240779.95,48,0.02014,0.006096,0.45754,299098.2,0.002789,0.017351,0.033563,0.148
2021-08-31,Agroindustria,Norte,Agroindustria - Norte,98931520.69,43,0.019201,0.015532,0.528735,812464.02,0.008212,0.010988,0.030963,0.0963
2021-08-31,Agroindustria,Sur,Agroindustria - Sur,58798933.98,30,0.019982,0.010765,0.480893,304400.99,0.005177,0.014805,0.018402,0.1325
2021-08-31,Comercio,Bajio,Comercio - Bajio,156645661.11,135,0.017628,0.011688,0.471895,864002.46,0.005516,0.012113,0.049026,0.0986
2021-08-31,Comercio,Centro,Comercio - Centro,201633855.05,186,0.017786,0.009522,0.436334,837785.79,0.004155,0.013631,0.063106,0.1481
2021-08-31,Comercio,Norte,Comercio - Norte,180406171.5,151,0.018366,0.006811,0.451604,554918.35,0.003076,0.01529,0.056462,0.1952
2021-08-31,Comercio,Sur,Comercio - Sur,111167646.64,81,0.019652,0.013935,0.46815,725214.18,0.006524,0.013128,0.034792,0.0872
2021-08-31,Construccion,Bajio,Construccion - Bajio,97766407.53,27,0.020989,0.013165,0.559112,719624.92,0.007361,0.013628,0.030598,0.0817
2021-08-31,Construccion,Centro,Construccion - Centro,132805501.5,42,0.020896,0.013623,0.495753,896894.22,0.006753,0.014143,0.041564,0.1817
2021-08-31,Construccion,Norte,Construccion - Norte,113529743.9,31,0.02104,0.014621,0.603548,1001846.95,0.008825,0.012215,0.035532,0.1426
2021-08-31,Construccion,Sur,Construccion - Sur,69266387.6,22,0.023604,0.012341,0.555693,475011.24,0.006858,0.016746,0.021678,0.2056
2021-08-31,Manufactura,Bajio,Manufactura - Bajio,188321007.28,61,0.014159,0.008801,0.372313,617046.13,0.003277,0.010883,0.058939,0.1784
2021-08-31,Manufactura,Centro,Manufactura - Centro,248871822.66,82,0.016509,0.002811,0.367907,257337.2,0.001034,0.015475,0.07789,0.1891
2021-08-31,Manufactura,Norte,Manufactura - Norte,212284514.35,67,0.017002,0.006369,0.36893,498839.46,0.00235,0.014653,0.066439,0.1884
2021-08-31,Manufactura,Sur,Manufactura - Sur,135058100.36,47,0.01934,0.009331,0.443269,558628.77,0.004136,0.015204,0.042269,0.1141
2021-08-31,Servicios,Bajio,Servicios - Bajio,127267777.98,159,0.013936,0.006792,0.397156,343278.33,0.002697,0.011239,0.039831,0.1386
2021-08-31,Servicios,Centro,Servicios - Centro,160820774.48,172,0.015086,0.004223,0.355054,241161.34,0.0015,0.013586,0.050332,0.219
2021-08-31,Servicios,Norte,Servicios - Norte,145583608.03,155,0.017365,0.002162,0.355172,111808.67,0.000768,0.016597,0.045563,0.1129
2021-08-31,Servicios,Sur,Servicios - Sur,84571017.96,100,0.017311,0.004077,0.403217,139034.96,0.001644,0.015667,0.026468,0.122
2021-08-31,Transporte,Bajio,Transporte - Bajio,116652951.44,80,0.019854,0.01061,0.499132,617759.91,0.005296,0.014558,0.036509,0.1471
2021-08-31,Transporte,Centro,Transporte - Centro,150406613.07,95,0.019133,0.016748,0.452045,1138696.43,0.007571,0.011562,0.047073,0.1669
2021-08-31,Transporte,Norte,Transporte - Norte,131088052.73,75,0.0189,0.012381,0.450567,731256.43,0.005578,0.013322,0.041027,0.1629
2021-08-31,Transporte,Sur,Transporte - Sur,80199394.41,56,0.021217,0.010535,0.553569,467690.45,0.005832,0.015386,0.0251,0.1331
2021-09-30,Agroindustria,Bajio,Agroindustria - Bajio,85818330.86,33,0.017953,0.015106,0.463191,600461.06,0.006997,0.010956,0.026882,0.1461
2021-09-30,Agroindustria,Centro,Agroindustria - Centro,107207066.09,52,0.018795,0.004678,0.484101,242771.67,0.002265,0.016531,0.033582,0.148
2021-09-30,Agroindustria,Norte,Agroindustria - Norte,99207368.08,42,0.019863,0.015774,0.486101,760677.79,0.007668,0.012196,0.031076,0.0963
2021-09-30,Agroindustria,Sur,Agroindustria - Sur,59074487.61,31,0.020957,0.003998,0.47208,111503.31,0.001888,0.019069,0.018505,0.1325
2021-09-30,Comercio,Bajio,Comercio - Bajio,156467894.05,125,0.015379,0.010691,0.504267,843575.93,0.005391,0.009988,0.049012,0.0986
2021-09-30,Comercio,Centro,Comercio - Centro,201053992.22,144,0.017158,0.009977,0.408407,819251.0,0.004075,0.013083,0.062978,0.1481
2021-09-30,Comercio,Norte,Comercio - Norte,180083182.08,170,0.018249,0.007717,0.387468,538494.73,0.00299,0.015259,0.056409,0.1952
2021-09-30,Comercio,Sur,Comercio - Sur,110933589.39,89,0.019512,0.013755,0.487416,743743.65,0.006704,0.012807,0.034749,0.0872
2021-09-30,Construccion,Bajio,Construccion - Bajio,97273172.68,24,0.019889,0.014055,0.600627,821147.17,0.008442,0.011448,0.03047,0.0817
2021-09-30,Construccion,Centro,Construccion - Centro,133226246.68,37,0.021812,0.012414,0.486187,804066.33,0.006035,0.015776,0.041732,0.1817
2021-09-30,Construccion,Norte,Construccion - Norte,113167481.29,36,0.020276,0.013204,0.531734,794560.97,0.007021,0.013255,0.035449,0.1426
2021-09-30,Construccion,Sur,Construccion - Sur,69204623.85,20,0.023289,0.017216,0.569878,678986.2,0.009811,0.013478,0.021678,0.2056
2021-09-30,Manufactura,Bajio,Manufactura - Bajio,187933555.27,74,0.017404,0.008858,0.443835,738836.94,0.003931,0.013473,0.058869,0.1784
2021-09-30,Manufactura,Centro,Manufactura - Centro,249190149.91,83,0.016796,0.0005,0.380372,47392.42,0.00019,0.016606,0.078057,0.1891
2021-09-30,Manufactura,Norte,Manufactura - Norte,212085255.34,66,0.01851,0.004939,0.34976,366338.04,0.001727,0.016783,0.066434,0.1884
2021-09-30,Manufactura,Sur,Manufactura - Sur,135652256.95,46,0.018515,0.008947,0.384978,467259.71,0.003445,0.015071,0.042492,0.1141
2021-09-30,Servicios,Bajio,Servicios - Bajio,127186949.82,148,0.016349,0.004961,0.343115,216507.93,0.001702,0.014647,0.03984,0.1386
2021-09-30,Servicios,Centro,Servicios - Centro,160065892.44,186,0.015695,0.005533,0.326709,289342.59,0.001808,0.013887,0.050139,0.219
2021-09-30,Servicios,Norte,Servicios - Norte,145677011.52,181,0.017668,0.002896,0.367684,155104.47,0.001065,0.016603,0.045632,0.1129
2021-09-30,Servicios,Sur,Servicios - Sur,84136172.37,101,0.016594,0.004099,0.331812,114445.18,0.00136,0.015233,0.026355,0.122
2021-09-30,Transporte,Bajio,Transporte - Bajio,116899337.66,82,0.021307,0.011002,0.51153,657920.16,0.005628,0.015679,0.036618,0.1471
2021-09-30,Transporte,Centro,Transporte - Centro,150263741.82,97,0.01874,0.018268,0.458956,1259856.32,0.008384,0.010355,0.047069,0.1669
2021-09-30,Transporte,Norte,Transporte - Norte,130536772.91,77,0.019704,0.009932,0.544042,705369.66,0.005404,0.0143,0.040889,0.1629
2021-09-30,Transporte,Sur,Transporte - Sur,80084371.43,57,0.020921,0.013335,0.526605,562384.08,0.007022,0.013898,0.025086,0.1331
2021-10-31,Agroindustria,Bajio,Agroindustria - Bajio,86087514.45,36,0.016723,0.015953,0.47795,656396.88,0.007625,0.009098,0.02704,0.1461
2021-10-31,Agroindustria,Centro,Agroindustria - Centro,106659372.55,49,0.018639,0.002526,0.524713,141378.76,0.001326,0.017313,0.033501,0.148
2021-10-31,Agroindustria,Norte,Agroindustria - Norte,99135105.85,44,0.019342,0.01339,0.497231,660016.85,0.006658,0.012684,0.031138,0.0963
2021-10-31,Agroindustria,Sur,Agroindustria - Sur,59105312.94,26,0.02219,0.008529,0.444967,224312.01,0.003795,0.018395,0.018565,0.1325
2021-10-31,Comercio,Bajio,Comercio - Bajio,155890356.29,136,0.016689,0.011816,0.49276,907662.97,0.005822,0.010866,0.048965,0.0986
2021-10-31,Comercio,Centro,Comercio - Centro,199629470.08,161,0.018432,0.009595,0.407701,780889.26,0.003912,0.014521,0.062703,0.1481
2021-10-31,Comercio,Norte,Comercio - Norte,179731452.3,171,0.018045,0.006292,0.468428,529713.65,0.002947,0.015098,0.056453,0.1952
2021-10-31,Comercio,Sur,Comercio - Sur,110695721.61,83,0.018455,0.013893,0.534379,821790.43,0.007424,0.011031,0.034769,0.0872
2021-10-31,Construccion,Bajio,Construccion - Bajio,96808340.37,25,0.020474,0.010938,0.583074,617395.87,0.006378,0.014097,0.030407,0.0817
2021-10-31,Construccion,Centro,Construccion - Centro,133551145.54,33,0.022113,0.015039,0.591172,1187337.73,0.008891,0.013222,0.041948,0.1817
2021-10-31,Construccion,Norte,Construccion - Norte,112419583.72,33,0.021645,0.010585,0.555046,660496.35,0.005875,0.015769,0.035311,0.1426
2021-10-31,Construccion,Sur,Construccion - Sur,68975765.38,20,0.022803,0.016652,0.499406,573605.78,0.008316,0.014487,0.021665,0.2056
2021-10-31,Manufactura,Bajio,Manufactura - Bajio,187291325.63,75,0.018133,0.008862,0.408478,678017.06,0.00362,0.014513,0.058827,0.1784
2021-10-31,Manufactura,Centro,Manufactura - Centro,248488097.58,88,0.017796,0.000832,0.412837,85325.77,0.000343,0.017453,0.078049,0.1891
2021-10-31,Manufactura,Norte,Manufactura - Norte,210968838.66,77,0.016492,0.00476,0.385411,387037.54,0.001835,0.014657,0.066264,0.1884
2021-10-31,Manufactura,Sur,Manufactura - Sur,135538550.32,52,0.019281,0.006229,0.350347,295774.93,0.002182,0.017099,0.042572,0.1141
2021-10-31,Servicios,Bajio,Servicios - Bajio,127211674.52,160,0.014943,0.004389,0.390714,218153.67,0.001715,0.013228,0.039957,0.1386
2021-10-31,Servicios,Centro,Servicios - Centro,159114774.54,202,0.017362,0.006072,0.410585,396688.37,0.002493,0.014868,0.049977,0.219
2021-10-31,Servicios,Norte,Servicios - Norte,145724823.13,177,0.017705,0.002753,0.382688,153515.74,0.001053,0.016652,0.045772,0.1129
2021-10-31,Servicios,Sur,Servicios - Sur,83486568.81,90,0.016337,0.003819,0.370605,118153.28,0.001415,0.014922,0.026223,0.122
2021-10-31,Transporte,Bajio,Transporte - Bajio,116809519.85,69,0.019143,0.008339,0.511986,498739.13,0.00427,0.014873,0.036689,0.1471
2021-10-31,Transporte,Centro,Transporte - Centro,150252442.95,82,0.019247,0.014948,0.553727,1243657.34,0.008277,0.01097,0.047194,0.1669
2021-10-31,Transporte,Norte,Transporte - Norte,130301698.98,70,0.021519,0.011885,0.523596,810861.28,0.006223,0.015296,0.040927,0.1629
2021-10-31,Transporte,Sur,Transporte - Sur,79863758.27,43,0.019963,0.013878,0.47965,531622.8,0.006657,0.013306,0.025085,0.1331
2021-11-30,Agroindustria,Bajio,Agroindustria - Bajio,85829079.09,42,0.018309,0.018104,0.479151,744523.97,0.008674,0.009635,0.027064,0.1461
2021-11-30,Agroindustria,Centro,Agroindustria - Centro,105857134.28,51,0.018227,0.003136,0.455059,151081.82,0.001427,0.0168,0.033379,0.148
2021-11-30,Agroindustria,Norte,Agroindustria - Norte,99482845.97,40,0.02007,0.00889,0.475393,420424.14,0.004226,0.015844,0.031369,0.0963
2021-11-30,Agroindustria,Sur,Agroindustria - Sur,58968022.85,25,0.02096,0.008409,0.51247,254111.03,0.004309,0.016651,0.018594,0.1325
2021-11-30,Comercio,Bajio,Comercio - Bajio,155663351.58,114,0.018121,0.011375,0.401217,710414.3,0.004564,0.013557,0.049084,0.0986
2021-11-30,Comercio,Centro,Comercio - Centro,198696019.5,188,0.017088,0.012574,0.444785,1111252.42,0.005593,0.011495,0.062653,0.1481
2021-11-30,Comercio,Norte,Comercio - Norte,178493361.91,137,0.020993,0.005287,0.472616,446016.07,0.002499,0.018495,0.056283,0.1952
2021-11-30,Comercio,Sur,Comercio - Sur,110307152.25,88,0.017844,0.015514,0.398723,682358.4,0.006186,0.011658,0.034782,0.0872
2021-11-30,Construccion,Bajio,Construccion - Bajio,96425809.8,31,0.02155,0.008813,0.518195,440349.16,0.004567,0.016983,0.030405,0.0817
2021-11-30,Construccion,Centro,Construccion - Centro,133511222.51,36,0.020061,0.014895,0.577114,1147649.35,0.008596,0.011466,0.042099,0.1817
2021-11-30,Construccion,Norte,Construccion - Norte,112237680.79,31,0.022644,0.012553,0.575632,811043.54,0.007226,0.015418,0.035391,0.1426
2021-11-30,Construccion,Sur,Construccion - Sur,68607629.83,20,0.023001,0.018075,0.535453,663989.27,0.009678,0.013323,0.021634,0.2056
2021-11-30,Manufactura,Bajio,Manufactura - Bajio,185925037.11,61,0.015764,0.008118,0.42302,638460.03,0.003434,0.01233,0.058627,0.1784
2021-11-30,Manufactura,Centro,Manufactura - Centro,248161435.7,91,0.01475,0.000899,0.394323,88004.47,0.000355,0.014395,0.078251,0.1891
2021-11-30,Manufactura,Norte,Manufactura - Norte,209785497.98,67,0.018104,0.003547,0.398387,296464.43,0.001413,0.01669,0.06615,0.1884
2021-11-30,Manufactura,Sur,Manufactura - Sur,135645016.0,53,0.016305,0.005914,0.368649,295728.09,0.00218,0.014125,0.042772,0.1141
2021-11-30,Servicios,Bajio,Servicios - Bajio,126884348.3,137,0.014689,0.004643,0.412748,243138.39,0.001916,0.012772,0.04001,0.1386
2021-11-30,Servicios,Centro,Servicios - Centro,158444975.27,153,0.014685,0.006093,0.414803,400471.36,0.002528,0.012158,0.049961,0.219
2021-11-30,Servicios,Norte,Servicios - Norte,145492961.85,161,0.015617,0.0005,0.409878,29817.19,0.000205,0.015412,0.045877,0.1129
2021-11-30,Servicios,Sur,Servicios - Sur,82501618.07,101,0.017075,0.001271,0.384965,40357.32,0.000489,0.016585,0.026015,0.122
2021-11-30,Transporte,Bajio,Transporte - Bajio,116475448.6,65,0.018321,0.009329,0.488972,531329.32,0.004562,0.013759,0.036727,0.1471
2021-11-30,Transporte,Centro,Transporte - Centro,149099164.18,84,0.019739,0.015981,0.480905,1145903.98,0.007686,0.012053,0.047014,0.1669
2021-11-30,Transporte,Norte,Transporte - Norte,129171668.49,72,0.020831,0.011966,0.498833,771027.44,0.005969,0.014862,0.040731,0.1629
2021-11-30,Transporte,Sur,Transporte - Sur,79681540.47,54,0.023526,0.009188,0.515378,377302.59,0.004735,0.018791,0.025125,0.1331
2021-12-31,Agroindustria,Bajio,Agroindustria - Bajio,85498561.68,44,0.017988,0.018108,0.456961,707465.41,0.008275,0.009714,0.027102,0.1461
2021-12-31,Agroindustria,Centro,Agroindustria - Centro,105159984.29,44,0.020768,0.008575,0.484355,436746.61,0.004153,0.016614,0.033334,0.148
2021-12-31,Agroindustria,Norte,Agroindustria - Norte,99436269.98,45,0.019996,0.008298,0.495841,409152.98,0.004115,0.015881,0.03152,0.0963
2021-12-31,Agroindustria,Sur,Agroindustria - Sur,58877579.66,27,0.018778,0.014441,0.456896,388488.6,0.006598,0.01218,0.018663,0.1325
2021-12-31,Comercio,Bajio,Comercio - Bajio,155251984.79,111,0.018578,0.008621,0.471746,631399.46,0.004067,0.014512,0.049212,0.0986
2021-12-31,Comercio,Centro,Comercio - Centro,196437388.17,142,0.018754,0.011505,0.428113,967575.19,0.004926,0.013828,0.062267,0.1481
2021-12-31,Comercio,Norte,Comercio - Norte,177656771.0,128,0.019107,0.007432,0.442467,584212.7,0.003288,0.015818,0.056314,0.1952
2021-12-31,Comercio,Sur,Comercio - Sur,109794663.12,86,0.019493,0.016306,0.427849,765992.2,0.006977,0.012516,0.034803,0.0872
2021-12-31,Construccion,Bajio,Construccion - Bajio,95879445.16,25,0.019978,0.011958,0.573872,657960.41,0.006862,0.013116,0.030392,0.0817
2021-12-31,Construccion,Centro,Construccion - Centro,133680686.44,42,0.020928,0.011709,0.518521,811628.14,0.006071,0.014857,0.042374,0.1817
2021-12-31,Construccion,Norte,Construccion - Norte,111386653.97,31,0.021317,0.01384,0.520391,802202.68,0.007202,0.014115,0.035308,0.1426
2021-12-31,Construccion,Sur,Construccion - Sur,68172335.8,18,0.022214,0.015853,0.586864,634239.34,0.009303,0.012911,0.021609,0.2056
2021-12-31,Manufactura,Bajio,Manufactura - Bajio,184922247.72,65,0.014582,0.008813,0.365795,596125.43,0.003224,0.011358,0.058617,0.1784
2021-12-31,Manufactura,Centro,Manufactura - Centro,247806206.6,88,0.015914,0.002354,0.40986,239036.01,0.000965,0.01495,0.07855,0.1891
2021-12-31,Manufactura,Norte,Manufactura - Norte,207287767.86,81,0.015809,0.003387,0.453038,318074.75,0.001534,0.014275,0.065707,0.1884
2021-12-31,Manufactura,Sur,Manufactura - Sur,135182630.86,48,0.017746,0.004771,0.369369,238221.31,0.001762,0.015984,0.042851,0.1141
2021-12-31,Servicios,Bajio,Servicios - Bajio,126454025.58,120,0.016504,0.006405,0.394605,319628.3,0.002528,0.013976,0.040084,0.1386
2021-12-31,Servicios,Centro,Servicios - Centro,157492657.84,197,0.01404,0.006421,0.411382,416002.7,0.002641,0.011398,0.049922,0.219
2021-12-31,Servicios,Norte,Servicios - Norte,145294643.94,175,0.016157,0.0005,0.361862,26288.31,0.000181,0.015976,0.046056,0.1129
2021-12-31,Servicios,Sur,Servicios - Sur,81445825.35,88,0.017624,0.0005,0.403365,16426.19,0.000202,0.017422,0.025817,0.122
2021-12-31,Transporte,Bajio,Transporte - Bajio,116040401.2,77,0.017915,0.009053,0.478173,502338.4,0.004329,0.013586,0.036783,0.1471
2021-12-31,Transporte,Centro,Transporte - Centro,148355957.59,82,0.020397,0.013194,0.509631,997527.73,0.006724,0.013673,0.047026,0.1669
2021-12-31,Transporte,Norte,Transporte - Norte,128150554.95,82,0.020087,0.008457,0.519353,562867.56,0.004392,0.015695,0.040621,0.1629
2021-12-31,Transporte,Sur,Transporte - Sur,79082395.46,53,0.021813,0.009167,0.507731,368065.81,0.004654,0.017159,0.025068,0.1331
2022-01-31,Agroindustria,Bajio,Agroindustria - Bajio,85279182.22,38,0.019744,0.017119,0.456926,667059.53,0.007822,0.011922,0.027172,0.1461
2022-01-31,Agroindustria,Centro,Agroindustria - Centro,104478774.15,51,0.019696,0.014023,0.474205,694754.84,0.00665,0.013046,0.03329,0.148
2022-01-31,Agroindustria,Norte,Agroindustria - Norte,99714023.68,39,0.01929,0.011625,0.489419,567320.67,0.005689,0.013601,0.031772,0.0963
2022-01-31,Agroindustria,Sur,Agroindustria - Sur,58410404.01,25,0.018918,0.008894,0.477156,247892.81,0.004244,0.014674,0.018611,0.1325
2022-01-31,Comercio,Bajio,Comercio - Bajio,154041446.15,119,0.018462,0.009382,0.492663,712041.07,0.004622,0.01384,0.049082,0.0986
2022-01-31,Comercio,Centro,Comercio - Centro,195290328.83,175,0.017066,0.007123,0.461339,641742.34,0.003286,0.01378,0.062225,0.1481
2022-01-31,Comercio,Norte,Comercio - Norte,177285243.66,132,0.019655,0.007517,0.375579,500540.45,0.002823,0.016832,0.056488,0.1952
2022-01-31,Comercio,Sur,Comercio - Sur,109121837.61,82,0.019827,0.0156,0.431515,734551.84,0.006731,0.013096,0.034769,0.0872
2022-01-31,Construccion,Bajio,Construccion - Bajio,94837150.16,28,0.021559,0.017099,0.576771,935298.79,0.009862,0.011697,0.030218,0.0817
2022-01-31,Construccion,Centro,Construccion - Centro,134103031.0,43,0.019141,0.011064,0.54991,815936.49,0.006084,0.013057,0.042729,0.1817
2022-01-31,Construccion,Norte,Construccion - Norte,110497143.69,29,0.024754,0.011884,0.53361,700728.68,0.006342,0.018412,0.035207,0.1426
2022-01-31,Construccion,Sur,Construccion - Sur,67684866.48,20,0.023806,0.012516,0.562069,476169.02,0.007035,0.016771,0.021566,0.2056
2022-01-31,Manufactura,Bajio,Manufactura - Bajio,183721846.17,70,0.015864,0.009145,0.366414,615604.22,0.003351,0.012513,0.058539,0.1784
2022-01-31,Manufactura,Centro,Manufactura - Centro,247015235.4,77,0.016899,0.003953,0.410858,401224.34,0.001624,0.015275,0.078706,0.1891
2022-01-31,Manufactura,Norte,Manufactura - Norte,205530740.22,69,0.017011,0.004931,0.403908,409385.21,0.001992,0.015019,0.065488,0.1884
2022-01-31,Manufactura,Sur,Manufactura - Sur,134813938.82,54,0.01725,0.006799,0.401565,368080.24,0.00273,0.01452,0.042955,0.1141
2022-01-31,Servicios,Bajio,Servicios - Bajio,126263182.16,122,0.0162,0.006369,0.384173,308958.88,0.002447,0.013753,0.040231,0.1386
2022-01-31,Servicios,Centro,Servicios - Centro,156438130.85,177,0.016539,0.00513,0.365904,293661.0,0.001877,0.014662,0.049845,0.219
2022-01-31,Servicios,Norte,Servicios - Norte,144716764.85,150,0.016844,0.0005,0.324728,23496.83,0.000162,0.016682,0.046111,0.1129
2022-01-31,Servicios,Sur,Servicios - Sur,80504441.25,91,0.015816,0.002581,0.407303,84644.25,0.001051,0.014765,0.025651,0.122
2022-01-31,Transporte,Bajio,Transporte - Bajio,115491578.37,74,0.019569,0.017729,0.56365,1154101.4,0.009993,0.009576,0.036799,0.1471
2022-01-31,Transporte,Centro,Transporte - Centro,147556420.79,100,0.016836,0.009142,0.51927,700443.76,0.004747,0.012089,0.047015,0.1669
2022-01-31,Transporte,Norte,Transporte - Norte,127078401.44,83,0.020906,0.008312,0.477035,503896.34,0.003965,0.016941,0.040491,0.1629
2022-01-31,Transporte,Sur,Transporte - Sur,78597029.58,56,0.022009,0.004841,0.484501,184351.12,0.002346,0.019663,0.025043,0.1331
2022-02-28,Agroindustria,Bajio,Agroindustria - Bajio,85057766.79,34,0.017772,0.018689,0.510316,811229.05,0.009537,0.008234,0.027274,0.1461
2022-02-28,Agroindustria,Centro,Agroindustria - Centro,103483993.04,50,0.017793,0.009267,0.47811,458514.63,0.004431,0.013363,0.033183,0.148
2022-02-28,Agroindustria,Norte,Agroindustria - Norte,99878601.94,39,0.018408,0.0124,0.481748,596665.38,0.005974,0.012434,0.032027,0.0963
2022-02-28,Agroindustria,Sur,Agroindustria - Sur,57886418.45,30,0.019914,0.012115,0.442965,310639.01,0.005366,0.014547,0.018562,0.1325
2022-02-28,Comercio,Bajio,Comercio - Bajio,153246936.98,126,0.016083,0.010362,0.436296,692806.26,0.004521,0.011562,0.04914,0.0986
2022-02-28,Comercio,Centro,Comercio - Centro,193336240.96,149,0.017616,0.005597,0.463576,501656.3,0.002595,0.015021,0.061994,0.1481
2022-02-28,Comercio,Norte,Comercio - Norte,176439140.79,128,0.018306,0.011391,0.420107,844321.6,0.004785,0.01352,0.056576,0.1952
2022-02-28,Comercio,Sur,Comercio - Sur,108288340.43,97,0.018409,0.012695,0.424475,583538.3,0.005389,0.01302,0.034723,0.0872
2022-02-28,Construccion,Bajio,Construccion - Bajio,93996059.88,24,0.021627,0.017694,0.559449,930455.17,0.009899,0.011728,0.03014,0.0817
2022-02-28,Construccion,Centro,Construccion - Centro,133738014.15,38,0.022262,0.010381,0.580585,806075.37,0.006027,0.016235,0.042884,0.1817
2022-02-28,Construccion,Norte,Construccion - Norte,109733016.3,34,0.022913,0.01538,0.555375,937274.35,0.008541,0.014372,0.035187,0.1426
2022-02-28,Construccion,Sur,Construccion - Sur,67055554.75,16,0.023084,0.016982,0.418327,476364.21,0.007104,0.01598,0.021502,0.2056
2022-02-28,Manufactura,Bajio,Manufactura - Bajio,182056381.47,72,0.01586,0.010273,0.413434,773217.86,0.004247,0.011613,0.058378,0.1784
2022-02-28,Manufactura,Centro,Manufactura - Centro,245952082.79,81,0.015156,0.004468,0.43962,483078.73,0.001964,0.013192,0.078866,0.1891
2022-02-28,Manufactura,Norte,Manufactura - Norte,203474259.77,65,0.017456,0.002585,0.429482,225924.08,0.00111,0.016345,0.065245,0.1884
2022-02-28,Manufactura,Sur,Manufactura - Sur,134208237.05,43,0.018086,0.006922,0.391784,363939.4,0.002712,0.015374,0.043035,0.1141
2022-02-28,Servicios,Bajio,Servicios - Bajio,125633171.5,123,0.01524,0.007646,0.377123,362245.07,0.002883,0.012357,0.040285,0.1386
2022-02-28,Servicios,Centro,Servicios - Centro,155150647.68,183,0.014877,0.006182,0.374997,359686.75,0.002318,0.012559,0.04975,0.219
2022-02-28,Servicios,Norte,Servicios - Norte,144309359.72,160,0.018506,0.002479,0.322502,115395.15,0.0008,0.017706,0.046274,0.1129
2022-02-28,Servicios,Sur,Servicios - Sur,79671720.06,75,0.016651,0.0005,0.388517,15476.92,0.000194,0.016457,0.025547,0.122
2022-02-28,Transporte,Bajio,Transporte - Bajio,115116713.24,65,0.017337,0.01726,0.530096,1053275.37,0.00915,0.008187,0.036913,0.1471
2022-02-28,Transporte,Centro,Transporte - Centro,146580792.77,101,0.018598,0.008462,0.519876,644862.99,0.004399,0.014199,0.047002,0.1669
2022-02-28,Transporte,Norte,Transporte - Norte,126122311.87,82,0.020421,0.012242,0.482617,745125.48,0.005908,0.014513,0.040442,0.1629
2022-02-28,Transporte,Sur,Transporte - Sur,78188061.13,47,0.020726,0.00592,0.522745,241945.27,0.003094,0.017631,0.025071,0.1331
2022-03-31,Agroindustria,Bajio,Agroindustria - Bajio,84693861.6,42,0.01908,0.017031,0.467406,674208.8,0.007961,0.01112,0.027297,0.1461
2022-03-31,Agroindustria,Centro,Agroindustria - Centro,102726444.11,43,0.018212,0.008491,0.43108,376012.92,0.00366,0.014552,0.033109,0.148
2022-03-31,Agroindustria,Norte,Agroindustria - Norte,99735927.42,51,0.019927,0.016758,0.484133,809152.79,0.008113,0.011814,0.032145,0.0963
2022-03-31,Agroindustria,Sur,Agroindustria - Sur,57643333.21,24,0.020035,0.011796,0.526707,358137.08,0.006213,0.013822,0.018579,0.1325
2022-03-31,Comercio,Bajio,Comercio - Bajio,152419444.69,123,0.017741,0.010201,0.453043,704387.43,0.004621,0.01312,0.049125,0.0986
2022-03-31,Comercio,Centro,Comercio - Centro,192121286.38,178,0.017551,0.007348,0.459625,648840.14,0.003377,0.014174,0.061921,0.1481
2022-03-31,Comercio,Norte,Comercio - Norte,175423042.64,133,0.01856,0.009934,0.486987,848638.25,0.004838,0.013722,0.056539,0.1952
2022-03-31,Comercio,Sur,Comercio - Sur,107859700.42,90,0.019655,0.012594,0.417673,567338.59,0.00526,0.014395,0.034763,0.0872
2022-03-31,Construccion,Bajio,Construccion - Bajio,93094762.81,24,0.021869,0.01417,0.583943,770305.27,0.008274,0.013594,0.030005,0.0817
2022-03-31,Construccion,Centro,Construccion - Centro,133440829.76,43,0.023216,0.00851,0.562576,638852.6,0.004788,0.018429,0.043008,0.1817
2022-03-31,Construccion,Norte,Construccion - Norte,109074344.48,35,0.023479,0.012199,0.635724,845910.66,0.007755,0.015724,0.035155,0.1426
2022-03-31,Construccion,Sur,Construccion - Sur,66742563.05,20,0.023358,0.018286,0.570221,695926.01,0.010427,0.012931,0.021511,0.2056
2022-03-31,Manufactura,Bajio,Manufactura - Bajio,180967314.5,62,0.015944,0.008838,0.401748,642559.35,0.003551,0.012394,0.058326,0.1784
2022-03-31,Manufactura,Centro,Manufactura - Centro,245398986.58,97,0.017635,0.005838,0.389716,558303.73,0.002275,0.015359,0.079092,0.1891
2022-03-31,Manufactura,Norte,Manufactura - Norte,201407043.07,81,0.017797,0.003672,0.385021,284713.37,0.001414,0.016383,0.064914,0.1884
2022-03-31,Manufactura,Sur,Manufactura - Sur,134075447.57,53,0.017397,0.006454,0.389895,337399.54,0.002516,0.014881,0.043213,0.1141
2022-03-31,Servicios,Bajio,Servicios - Bajio,125148605.16,122,0.014967,0.007895,0.354954,350695.48,0.002802,0.012165,0.040336,0.1386
2022-03-31,Servicios,Centro,Servicios - Centro,154231490.95,153,0.015475,0.004615,0.402493,286474.51,0.001857,0.013618,0.049709,0.219
2022-03-31,Servicios,Norte,Servicios - Norte,143663839.26,145,0.017661,0.000798,0.342218,39233.5,0.000273,0.017388,0.046303,0.1129
2022-03-31,Servicios,Sur,Servicios - Sur,78796945.39,91,0.018337,0.0005,0.397557,15663.16,0.000199,0.018139,0.025396,0.122
2022-03-31,Transporte,Bajio,Transporte - Bajio,114684648.0,77,0.019543,0.015214,0.524658,915443.54,0.007982,0.011561,0.036963,0.1471
2022-03-31,Transporte,Centro,Transporte - Centro,146594869.24,83,0.019504,0.009095,0.454331,605729.51,0.004132,0.015372,0.047248,0.1669
2022-03-31,Transporte,Norte,Transporte - Norte,125044209.62,85,0.020441,0.016353,0.486097,993987.02,0.007949,0.012491,0.040302,0.1629
2022-03-31,Transporte,Sur,Transporte - Sur,77695436.63,45,0.022248,0.001549,0.511679,61575.42,0.000793,0.021455,0.025041,0.1331
2022-04-30,Agroindustria,Bajio,Agroindustria - Bajio,84779804.77,43,0.016873,0.015901,0.447159,602823.38,0.00711,0.009763,0.027428,0.1461
2022-04-30,Agroindustria,Centro,Agroindustria - Centro,102241453.63,47,0.018283,0.006132,0.522323,327441.56,0.003203,0.015081,0.033077,0.148
2022-04-30,Agroindustria,Norte,Agroindustria - Norte,99835472.89,48,0.019597,0.01609,0.493558,792826.33,0.007941,0.011656,0.032299,0.0963
2022-04-30,Agroindustria,Sur,Agroindustria - Sur,57358134.16,25,0.018563,0.010833,0.514647,319791.97,0.005575,0.012988,0.018556,0.1325
2022-04-30,Comercio,Bajio,Comercio - Bajio,152419938.2,139,0.018416,0.01033,0.389763,613698.17,0.004026,0.01439,0.049311,0.0986
2022-04-30,Comercio,Centro,Comercio - Centro,191074277.6,171,0.019352,0.008486,0.457158,741221.31,0.003879,0.015473,0.061816,0.1481
2022-04-30,Comercio,Norte,Comercio - Norte,174569910.02,148,0.018033,0.011862,0.36666,759284.75,0.004349,0.013684,0.056477,0.1952
2022-04-30,Comercio,Sur,Comercio - Sur,107376927.01,101,0.019726,0.012249,0.44101,580036.06,0.005402,0.014324,0.034738,0.0872
2022-04-30,Construccion,Bajio,Construccion - Bajio,92434071.87,29,0.020886,0.014791,0.555642,759660.87,0.008218,0.012668,0.029904,0.0817
2022-04-30,Construccion,Centro,Construccion - Centro,133328299.67,42,0.021113,0.010576,0.554447,781820.81,0.005864,0.01525,0.043134,0.1817
2022-04-30,Construccion,Norte,Construccion - Norte,108448314.88,35,0.02294,0.01042,0.559034,631739.92,0.005825,0.017115,0.035085,0.1426
2022-04-30,Construccion,Sur,Construccion - Sur,66489675.21,20,0.023655,0.019795,0.607545,799647.78,0.012027,0.011628,0.021511,0.2056
2022-04-30,Manufactura,Bajio,Manufactura - Bajio,180085148.37,65,0.015243,0.007735,0.416462,580083.72,0.003221,0.012022,0.058261,0.1784
2022-04-30,Manufactura,Centro,Manufactura - Centro,244771299.78,91,0.016745,0.006206,0.355694,540312.87,0.002207,0.014538,0.079188,0.1891
2022-04-30,Manufactura,Norte,Manufactura - Norte,199730608.31,64,0.017916,0.004315,0.364452,314067.95,0.001572,0.016344,0.064617,0.1884
2022-04-30,Manufactura,Sur,Manufactura - Sur,134344184.63,42,0.017765,0.006375,0.418591,358500.27,0.002669,0.015096,0.043463,0.1141
2022-04-30,Servicios,Bajio,Servicios - Bajio,125063087.36,133,0.015115,0.009216,0.37784,435503.59,0.003482,0.011633,0.04046,0.1386
2022-04-30,Servicios,Centro,Servicios - Centro,153120870.25,172,0.015032,0.005717,0.391745,342919.37,0.00224,0.012792,0.049537,0.219
2022-04-30,Servicios,Norte,Servicios - Norte,143103581.63,176,0.017431,0.0005,0.340605,24370.9,0.00017,0.01726,0.046297,0.1129
2022-04-30,Servicios,Sur,Servicios - Sur,78230739.17,93,0.016154,0.0005,0.381924,14939.1,0.000191,0.015963,0.025309,0.122
2022-04-30,Transporte,Bajio,Transporte - Bajio,114191774.15,72,0.019801,0.017932,0.517289,1059225.26,0.009276,0.010525,0.036943,0.1471
2022-04-30,Transporte,Centro,Transporte - Centro,146080761.87,84,0.019237,0.004232,0.493068,304825.93,0.002087,0.017151,0.04726,0.1669
2022-04-30,Transporte,Norte,Transporte - Norte,124307018.79,76,0.021089,0.017342,0.444418,958020.56,0.007707,0.013382,0.040216,0.1629
2022-04-30,Transporte,Sur,Transporte - Sur,77624601.81,48,0.021048,0.005042,0.506471,198211.18,0.002553,0.018494,0.025113,0.1331
2022-05-31,Agroindustria,Bajio,Agroindustria - Bajio,85000711.18,38,0.017102,0.01874,0.478706,762526.46,0.008971,0.008131,0.027538,0.1461
2022-05-31,Agroindustria,Centro,Agroindustria - Centro,101491710.04,51,0.018669,0.009183,0.456769,425691.29,0.004194,0.014475,0.032881,0.148
2022-05-31,Agroindustria,Norte,Agroindustria - Norte,100122702.68,46,0.017963,0.020915,0.471175,986672.95,0.009855,0.008109,0.032437,0.0963
2022-05-31,Agroindustria,Sur,Agroindustria - Sur,57292002.01,25,0.021175,0.006899,0.479052,189344.47,0.003305,0.01787,0.018561,0.1325
2022-05-31,Comercio,Bajio,Comercio - Bajio,151871547.71,122,0.016073,0.009472,0.458002,658838.83,0.004338,0.011735,0.049203,0.0986
2022-05-31,Comercio,Centro,Comercio - Centro,190847322.9,177,0.018453,0.005037,0.497333,478068.66,0.002505,0.015948,0.06183,0.1481
2022-05-31,Comercio,Norte,Comercio - Norte,174030989.97,163,0.016282,0.011574,0.439574,885385.72,0.005088,0.011194,0.056382,0.1952
2022-05-31,Comercio,Sur,Comercio - Sur,107244506.03,77,0.017583,0.012553,0.413502,556677.76,0.005191,0.012392,0.034745,0.0872
2022-05-31,Construccion,Bajio,Construccion - Bajio,92283705.41,24,0.024055,0.021428,0.556014,1099470.18,0.011914,0.012141,0.029898,0.0817
2022-05-31,Construccion,Centro,Construccion - Centro,134030363.46,42,0.018795,0.011702,0.582855,914184.31,0.006821,0.011974,0.043423,0.1817
2022-05-31,Construccion,Norte,Construccion - Norte,108080824.42,28,0.024064,0.015762,0.598191,1019070.41,0.009429,0.014635,0.035016,0.1426
2022-05-31,Construccion,Sur,Construccion - Sur,66427259.23,20,0.021881,0.025024,0.490123,814732.55,0.012265,0.009616,0.021521,0.2056
2022-05-31,Manufactura,Bajio,Manufactura - Bajio,180171845.38,69,0.016578,0.006738,0.39437,478736.56,0.002657,0.01392,0.058371,0.1784
2022-05-31,Manufactura,Centro,Manufactura - Centro,245106858.05,91,0.017131,0.00697,0.432017,738070.99,0.003011,0.014119,0.079409,0.1891
2022-05-31,Manufactura,Norte,Manufactura - Norte,198616395.77,66,0.017958,0.003676,0.371046,270886.56,0.001364,0.016595,0.064347,0.1884
2022-05-31,Manufactura,Sur,Manufactura - Sur,134434383.12,43,0.019616,0.0069,0.410196,380517.63,0.002831,0.016786,0.043554,0.1141
2022-05-31,Servicios,Bajio,Servicios - Bajio,125368607.68,148,0.01539,0.008442,0.417791,442194.99,0.003527,0.011863,0.040616,0.1386
2022-05-31,Servicios,Centro,Servicios - Centro,152384007.72,178,0.015716,0.007092,0.368191,397905.06,0.002611,0.013105,0.049369,0.219
2022-05-31,Servicios,Norte,Servicios - Norte,143405057.89,175,0.016197,0.001758,0.375362,94626.19,0.00066,0.015537,0.04646,0.1129
2022-05-31,Servicios,Sur,Servicios - Sur,77649339.52,88,0.017772,0.003547,0.359784,99095.96,0.001276,0.016496,0.025157,0.122
2022-05-31,Transporte,Bajio,Transporte - Bajio,113833964.7,74,0.019466,0.01217,0.4699,650999.64,0.005719,0.013747,0.036879,0.1471
2022-05-31,Transporte,Centro,Transporte - Centro,145701777.39,86,0.019753,0.002087,0.451453,137281.89,0.000942,0.01881,0.047204,0.1669
2022-05-31,Transporte,Norte,Transporte - Norte,123653420.9,72,0.019711,0.013198,0.525853,858181.8,0.00694,0.012771,0.040061,0.1629
2022-05-31,Transporte,Sur,Transporte - Sur,77598597.24,54,0.021153,0.007513,0.498742,290754.12,0.003747,0.017406,0.02514,0.1331
2022-06-30,Agroindustria,Bajio,Agroindustria - Bajio,85436262.36,36,0.018662,0.020928,0.48354,864579.58,0.01012,0.008543,0.027679,0.1461
2022-06-30,Agroindustria,Centro,Agroindustria - Centro,101186987.29,43,0.017897,0.010022,0.510782,517967.69,0.005119,0.012778,0.032782,0.148
2022-06-30,Agroindustria,Norte,Agroindustria - Norte,100846409.16,44,0.020298,0.019624,0.472725,935545.26,0.009277,0.011021,0.032672,0.0963
2022-06-30,Agroindustria,Sur,Agroindustria - Sur,57383694.97,23,0.019261,0.009451,0.445376,241548.39,0.004209,0.015052,0.018591,0.1325
2022-06-30,Comercio,Bajio,Comercio - Bajio,152499522.89,128,0.017489,0.01226,0.418093,781659.8,0.005126,0.012363,0.049406,0.0986
2022-06-30,Comercio,Centro,Comercio - Centro,190471660.16,145,0.018037,0.004002,0.417972,318569.29,0.001673,0.016364,0.061708,0.1481
2022-06-30,Comercio,Norte,Comercio - Norte,173879597.36,147,0.017545,0.012821,0.4146,924283.0,0.005316,0.012229,0.056333,0.1952
2022-06-30,Comercio,Sur,Comercio - Sur,107130324.31,78,0.018795,0.018248,0.460051,899348.99,0.008395,0.0104,0.034708,0.0872
2022-06-30,Construccion,Bajio,Construccion - Bajio,91741916.16,22,0.021797,0.020268,0.553637,1029447.53,0.011221,0.010576,0.029722,0.0817
2022-06-30,Construccion,Centro,Construccion - Centro,134831979.83,43,0.021637,0.006727,0.528079,478998.07,0.003553,0.018084,0.043682,0.1817
2022-06-30,Construccion,Norte,Construccion - Norte,107919720.83,29,0.021152,0.017932,0.58617,1134371.54,0.010511,0.010641,0.034963,0.1426
2022-06-30,Construccion,Sur,Construccion - Sur,66309749.79,18,0.022142,0.019497,0.595582,769987.08,0.011612,0.01053,0.021483,0.2056
2022-06-30,Manufactura,Bajio,Manufactura - Bajio,180281417.81,69,0.01654,0.007605,0.408344,559823.46,0.003105,0.013435,0.058407,0.1784
2022-06-30,Manufactura,Centro,Manufactura - Centro,244599987.04,92,0.015959,0.005768,0.390055,550274.23,0.00225,0.01371,0.079245,0.1891
2022-06-30,Manufactura,Norte,Manufactura - Norte,198419986.71,64,0.016996,0.001919,0.378243,144003.46,0.000726,0.01627,0.064283,0.1884
2022-06-30,Manufactura,Sur,Manufactura - Sur,134738116.62,49,0.017751,0.008056,0.409481,444448.83,0.003299,0.014453,0.043652,0.1141
2022-06-30,Servicios,Bajio,Servicios - Bajio,125970681.89,152,0.01641,0.01054,0.376429,499798.43,0.003968,0.012442,0.040811,0.1386
2022-06-30,Servicios,Centro,Servicios - Centro,152332393.66,167,0.014736,0.007042,0.331428,355518.6,0.002334,0.012402,0.049352,0.219
2022-06-30,Servicios,Norte,Servicios - Norte,143562000.59,179,0.015805,0.003818,0.344334,188730.14,0.001315,0.014491,0.046511,0.1129
2022-06-30,Servicios,Sur,Servicios - Sur,77115164.47,86,0.016588,0.005068,0.372162,145447.02,0.001886,0.014702,0.024983,0.122
2022-06-30,Transporte,Bajio,Transporte - Bajio,113754113.39,68,0.018836,0.012063,0.538326,738713.94,0.006494,0.012342,0.036854,0.1471
2022-06-30,Transporte,Centro,Transporte - Centro,145723359.8,94,0.01963,0.003452,0.57339,288471.84,0.00198,0.017651,0.047211,0.1669
2022-06-30,Transporte,Norte,Transporte - Norte,122886929.54,66,0.020517,0.014068,0.535748,926155.8,0.007537,0.01298,0.039812,0.1629
2022-06-30,Transporte,Sur,Transporte - Sur,77626251.99,52,0.022103,0.014662,0.512932,583797.07,0.007521,0.014582,0.025149,0.1331
2022-07-31,Agroindustria,Bajio,Agroindustria - Bajio,85801986.31,34,0.019055,0.019121,0.420819,690385.72,0.008046,0.011009,0.027759,0.1461
2022-07-31,Agroindustria,Centro,Agroindustria - Centro,100866527.59,49,0.018972,0.008427,0.461359,392157.74,0.003888,0.015084,0.032632,0.148
2022-07-31,Agroindustria,Norte,Agroindustria - Norte,101563177.21,47,0.020787,0.018159,0.531221,979728.7,0.009646,0.01114,0.032858,0.0963
2022-07-31,Agroindustria,Sur,Agroindustria - Sur,57673161.4,25,0.021905,0.011862,0.526077,359898.69,0.00624,0.015665,0.018658,0.1325
2022-07-31,Comercio,Bajio,Comercio - Bajio,152951563.92,131,0.017758,0.009812,0.455989,684313.41,0.004474,0.013284,0.049483,0.0986
2022-07-31,Comercio,Centro,Comercio - Centro,190304878.81,160,0.018679,0.003442,0.448352,293720.24,0.001543,0.017136,0.061568,0.1481
2022-07-31,Comercio,Norte,Comercio - Norte,174048100.08,151,0.017122,0.011225,0.474137,926290.49,0.005322,0.0118,0.056308,0.1952
2022-07-31,Comercio,Sur,Comercio - Sur,107172689.59,87,0.020127,0.015716,0.451551,760578.88,0.007097,0.01303,0.034673,0.0872
2022-07-31,Construccion,Bajio,Construccion - Bajio,91362541.19,26,0.021056,0.023259,0.489453,1040073.91,0.011384,0.009672,0.029558,0.0817
2022-07-31,Construccion,Centro,Construccion - Centro,135602275.0,37,0.020067,0.002301,0.550935,171885.74,0.001268,0.018799,0.04387,0.1817
2022-07-31,Construccion,Norte,Construccion - Norte,108035163.56,28,0.019199,0.015989,0.56104,969151.9,0.008971,0.010228,0.034952,0.1426
2022-07-31,Construccion,Sur,Construccion - Sur,66654803.34,21,0.020593,0.016759,0.466841,521506.87,0.007824,0.012769,0.021564,0.2056
2022-07-31,Manufactura,Bajio,Manufactura - Bajio,180451581.4,70,0.014959,0.009297,0.404744,678997.66,0.003763,0.011196,0.05838,0.1784
2022-07-31,Manufactura,Centro,Manufactura - Centro,245285053.71,95,0.017072,0.005533,0.433438,588251.56,0.002398,0.014673,0.079355,0.1891
2022-07-31,Manufactura,Norte,Manufactura - Norte,197730413.17,62,0.016896,0.002589,0.463854,237431.87,0.001201,0.015695,0.06397,0.1884
2022-07-31,Manufactura,Sur,Manufactura - Sur,135075453.16,42,0.01828,0.006128,0.412295,341260.84,0.002526,0.015753,0.0437,0.1141
2022-07-31,Servicios,Bajio,Servicios - Bajio,126368241.22,144,0.015537,0.009088,0.353306,405746.96,0.003211,0.012326,0.040883,0.1386
2022-07-31,Servicios,Centro,Servicios - Centro,152578911.16,152,0.015288,0.006515,0.383416,381148.86,0.002498,0.01279,0.049362,0.219
2022-07-31,Servicios,Norte,Servicios - Norte,144171515.0,178,0.017201,0.003073,0.358917,159016.04,0.001103,0.016099,0.046642,0.1129
2022-07-31,Servicios,Sur,Servicios - Sur,76872972.27,93,0.017445,0.004372,0.38057,127905.39,0.001664,0.015781,0.02487,0.122
2022-07-31,Transporte,Bajio,Transporte - Bajio,114119816.01,70,0.019598,0.016675,0.474706,903338.83,0.007916,0.011683,0.03692,0.1471
2022-07-31,Transporte,Centro,Transporte - Centro,145465320.24,94,0.019092,0.003462,0.452154,227710.74,0.001565,0.017527,0.047061,0.1669
2022-07-31,Transporte,Norte,Transporte - Norte,122789011.29,70,0.020109,0.015748,0.47896,926142.31,0.007543,0.012567,0.039725,0.1629
2022-07-31,Transporte,Sur,Transporte - Sur,78047403.71,48,0.019625,0.017241,0.506882,682055.76,0.008739,0.010886,0.02525,0.1331
2022-08-31,Agroindustria,Bajio,Agroindustria - Bajio,86400421.31,40,0.017187,0.016582,0.478778,685938.02,0.007939,0.009248,0.027865,0.1461
2022-08-31,Agroindustria,Centro,Agroindustria - Centro,100793875.07,52,0.019932,0.008844,0.461235,411173.79,0.004079,0.015853,0.032507,0.148
2022-08-31,Agroindustria,Norte,Agroindustria - Norte,102427025.01,52,0.022285,0.013822,0.561316,794663.67,0.007758,0.014526,0.033033,0.0963
2022-08-31,Agroindustria,Sur,Agroindustria - Sur,57850839.84,29,0.02223,0.017238,0.469022,467725.85,0.008085,0.014145,0.018657,0.1325
2022-08-31,Comercio,Bajio,Comercio - Bajio,153383184.49,109,0.017227,0.008366,0.403164,517320.88,0.003373,0.013855,0.049467,0.0986
2022-08-31,Comercio,Centro,Comercio - Centro,190624859.31,172,0.016389,0.003454,0.483981,318639.34,0.001672,0.014718,0.061477,0.1481
2022-08-31,Comercio,Norte,Comercio - Norte,175028970.66,133,0.016695,0.010718,0.429747,806153.47,0.004606,0.012089,0.056448,0.1952
2022-08-31,Comercio,Sur,Comercio - Sur,107717905.79,78,0.020093,0.016119,0.464431,806400.07,0.007486,0.012607,0.03474,0.0872
2022-08-31,Construccion,Bajio,Construccion - Bajio,91334833.91,29,0.019803,0.019359,0.547588,968239.71,0.010601,0.009202,0.029456,0.0817
2022-08-31,Construccion,Centro,Construccion - Centro,136677036.93,42,0.020332,0.005286,0.549465,396964.87,0.002904,0.017428,0.044079,0.1817
2022-08-31,Construccion,Norte,Construccion - Norte,107829032.13,29,0.021563,0.016331,0.520324,916256.26,0.008497,0.013065,0.034775,0.1426
2022-08-31,Construccion,Sur,Construccion - Sur,66838322.0,20,0.023788,0.017201,0.57814,664697.07,0.009945,0.013843,0.021556,0.2056
2022-08-31,Manufactura,Bajio,Manufactura - Bajio,181088993.8,66,0.016686,0.008093,0.423333,620397.04,0.003426,0.01326,0.058402,0.1784
2022-08-31,Manufactura,Centro,Manufactura - Centro,245691832.08,76,0.017272,0.005898,0.411501,596329.28,0.002427,0.014845,0.079237,0.1891
2022-08-31,Manufactura,Norte,Manufactura - Norte,198041724.24,61,0.018034,0.002301,0.375358,171039.67,0.000864,0.01717,0.063869,0.1884
2022-08-31,Manufactura,Sur,Manufactura - Sur,135903155.44,42,0.017701,0.004414,0.418484,251024.11,0.001847,0.015853,0.043829,0.1141
2022-08-31,Servicios,Bajio,Servicios - Bajio,127404922.99,127,0.015753,0.007537,0.365233,350738.08,0.002753,0.013,0.041089,0.1386
2022-08-31,Servicios,Centro,Servicios - Centro,152577196.45,157,0.015798,0.006788,0.41237,427110.25,0.002799,0.012999,0.049207,0.219
2022-08-31,Servicios,Norte,Servicios - Norte,144885752.35,183,0.015696,0.002574,0.356777,133053.82,0.000918,0.014778,0.046726,0.1129
2022-08-31,Servicios,Sur,Servicios - Sur,76893620.71,90,0.017905,0.006573,0.37896,191533.77,0.002491,0.015414,0.024799,0.122
2022-08-31,Transporte,Bajio,Transporte - Bajio,114664044.98,65,0.019204,0.015371,0.508499,896236.62,0.007816,0.011388,0.03698,0.1471
2022-08-31,Transporte,Centro,Transporte - Centro,145866086.64,96,0.018874,0.005679,0.468565,388112.8,0.002661,0.016213,0.047043,0.1669
2022-08-31,Transporte,Norte,Transporte - Norte,122678557.86,72,0.018827,0.016849,0.510446,1055099.13,0.008601,0.010227,0.039564,0.1629
2022-08-31,Transporte,Sur,Transporte - Sur,78124741.88,45,0.023126,0.015239,0.501773,597381.17,0.007647,0.01548,0.025196,0.1331
2022-09-30,Agroindustria,Bajio,Agroindustria - Bajio,87159473.24,44,0.018126,0.018737,0.506039,826407.0,0.009482,0.008644,0.027961,0.1461
2022-09-30,Agroindustria,Centro,Agroindustria - Centro,101015580.13,51,0.017337,0.007824,0.516394,408140.44,0.00404,0.013297,0.032406,0.148
2022-09-30,Agroindustria,Norte,Agroindustria - Norte,103404681.97,49,0.01944,0.015811,0.443869,725696.32,0.007018,0.012422,0.033173,0.0963
2022-09-30,Agroindustria,Sur,Agroindustria - Sur,58312168.93,24,0.020105,0.019477,0.446844,507488.24,0.008703,0.011402,0.018707,0.1325
2022-09-30,Comercio,Bajio,Comercio - Bajio,154258613.23,129,0.015841,0.008348,0.466286,600464.43,0.003893,0.011949,0.049487,0.0986
2022-09-30,Comercio,Centro,Comercio - Centro,192026772.27,148,0.018258,0.00119,0.487936,111488.73,0.000581,0.017677,0.061603,0.1481
2022-09-30,Comercio,Norte,Comercio - Norte,175438928.26,159,0.017654,0.010146,0.462119,822535.03,0.004688,0.012966,0.056282,0.1952
2022-09-30,Comercio,Sur,Comercio - Sur,108454499.91,84,0.018571,0.018206,0.465232,918616.25,0.00847,0.010101,0.034793,0.0872
2022-09-30,Construccion,Bajio,Construccion - Bajio,91708134.0,25,0.020571,0.018087,0.529952,879065.41,0.009585,0.010986,0.02942,0.0817
2022-09-30,Construccion,Centro,Construccion - Centro,137786773.32,40,0.021647,0.003793,0.541817,283190.64,0.002055,0.019592,0.044203,0.1817
2022-09-30,Construccion,Norte,Construccion - Norte,108766325.2,30,0.02274,0.016212,0.581793,1025860.74,0.009432,0.013309,0.034893,0.1426
2022-09-30,Construccion,Sur,Construccion - Sur,67088251.09,17,0.021641,0.01476,0.549741,544380.87,0.008114,0.013527,0.021522,0.2056
2022-09-30,Manufactura,Bajio,Manufactura - Bajio,182010851.33,57,0.017744,0.007115,0.42421,549384.93,0.003018,0.014726,0.05839,0.1784
2022-09-30,Manufactura,Centro,Manufactura - Centro,246796141.73,85,0.01662,0.007144,0.396066,698339.33,0.00283,0.01379,0.079173,0.1891
2022-09-30,Manufactura,Norte,Manufactura - Norte,198551713.66,61,0.017104,0.003142,0.425155,265258.84,0.001336,0.015768,0.063696,0.1884
2022-09-30,Manufactura,Sur,Manufactura - Sur,136637919.8,41,0.01801,0.00682,0.336761,313822.83,0.002297,0.015713,0.043834,0.1141
2022-09-30,Servicios,Bajio,Servicios - Bajio,128267168.21,153,0.016052,0.005721,0.386026,283250.26,0.002208,0.013844,0.041149,0.1386
2022-09-30,Servicios,Centro,Servicios - Centro,152925259.85,188,0.014652,0.002943,0.344072,154862.51,0.001013,0.013639,0.049059,0.219
2022-09-30,Servicios,Norte,Servicios - Norte,145678496.42,149,0.016398,0.003632,0.366785,194075.85,0.001332,0.015066,0.046734,0.1129
2022-09-30,Servicios,Sur,Servicios - Sur,77098014.97,80,0.017561,0.005376,0.323433,134062.49,0.001739,0.015822,0.024733,0.122
2022-09-30,Transporte,Bajio,Transporte - Bajio,115480413.93,78,0.018316,0.010261,0.450818,534170.55,0.004626,0.01369,0.037047,0.1471
2022-09-30,Transporte,Centro,Transporte - Centro,147049866.17,103,0.019187,0.003136,0.468782,216205.0,0.00147,0.017717,0.047174,0.1669
2022-09-30,Transporte,Norte,Transporte - Norte,122659407.05,69,0.019432,0.01794,0.492034,1082716.86,0.008827,0.010605,0.03935,0.1629
2022-09-30,Transporte,Sur,Transporte - Sur,78584903.92,52,0.021606,0.017633,0.48077,666187.37,0.008477,0.013129,0.02521,0.1331
2022-10-31,Agroindustria,Bajio,Agroindustria - Bajio,88330775.85,42,0.016845,0.019077,0.493537,831661.26,0.009415,0.00743,0.028104,0.1461
2022-10-31,Agroindustria,Centro,Agroindustria - Centro,101632144.84,45,0.017478,0.012186,0.509817,631412.24,0.006213,0.011265,0.032336,0.148
2022-10-31,Agroindustria,Norte,Agroindustria - Norte,104567712.8,49,0.019245,0.013672,0.442216,632205.51,0.006046,0.013199,0.03327,0.0963
2022-10-31,Agroindustria,Sur,Agroindustria - Sur,58826463.16,27,0.020767,0.016573,0.427136,416437.16,0.007079,0.013688,0.018717,0.1325
2022-10-31,Comercio,Bajio,Comercio - Bajio,155354181.79,123,0.017197,0.010091,0.480735,753619.03,0.004851,0.012346,0.049429,0.0986
2022-10-31,Comercio,Centro,Comercio - Centro,193476092.97,148,0.020125,0.000948,0.407347,74679.81,0.000386,0.019739,0.061559,0.1481
2022-10-31,Comercio,Norte,Comercio - Norte,177040292.72,153,0.019973,0.008119,0.466964,671220.17,0.003791,0.016182,0.056329,0.1952
2022-10-31,Comercio,Sur,Comercio - Sur,109461259.99,105,0.019896,0.01736,0.46809,889476.81,0.008126,0.01177,0.034827,0.0872
2022-10-31,Construccion,Bajio,Construccion - Bajio,92307835.87,23,0.022096,0.018942,0.514407,899414.87,0.009744,0.012353,0.02937,0.0817
2022-10-31,Construccion,Centro,Construccion - Centro,139529994.29,42,0.0213,0.006156,0.538306,462372.19,0.003314,0.017986,0.044394,0.1817
2022-10-31,Construccion,Norte,Construccion - Norte,109447968.79,33,0.022307,0.007155,0.505057,395525.11,0.003614,0.018693,0.034823,0.1426
2022-10-31,Construccion,Sur,Construccion - Sur,67436542.84,18,0.023186,0.017941,0.479501,580124.67,0.008603,0.014584,0.021456,0.2056
2022-10-31,Manufactura,Bajio,Manufactura - Bajio,183152675.25,73,0.016212,0.007282,0.351404,468678.7,0.002559,0.013653,0.058274,0.1784
2022-10-31,Manufactura,Centro,Manufactura - Centro,249640038.81,90,0.016638,0.006382,0.410463,653957.11,0.00262,0.014018,0.079428,0.1891
2022-10-31,Manufactura,Norte,Manufactura - Norte,199481764.22,64,0.016202,0.003557,0.372912,264610.07,0.001326,0.014875,0.063469,0.1884
2022-10-31,Manufactura,Sur,Manufactura - Sur,137760275.37,48,0.017912,0.006135,0.389067,328817.13,0.002387,0.015525,0.043831,0.1141
2022-10-31,Servicios,Bajio,Servicios - Bajio,129961852.41,138,0.014303,0.00816,0.368795,391096.82,0.003009,0.011293,0.04135,0.1386
2022-10-31,Servicios,Centro,Servicios - Centro,153841903.54,147,0.014881,0.00363,0.399163,222881.95,0.001449,0.013432,0.048948,0.219
2022-10-31,Servicios,Norte,Servicios - Norte,146872997.85,184,0.016431,0.001036,0.419675,63882.81,0.000435,0.015996,0.046731,0.1129
2022-10-31,Servicios,Sur,Servicios - Sur,77707564.51,98,0.017662,0.006983,0.368075,199742.9,0.00257,0.015092,0.024724,0.122
2022-10-31,Transporte,Bajio,Transporte - Bajio,116548377.84,65,0.02084,0.009227,0.438774,471831.7,0.004048,0.016792,0.037082,0.1471
2022-10-31,Transporte,Centro,Transporte - Centro,148017989.92,87,0.020578,0.00628,0.4551,423022.56,0.002858,0.01772,0.047095,0.1669
2022-10-31,Transporte,Norte,Transporte - Norte,123330795.24,66,0.021972,0.017765,0.509848,1117088.61,0.009058,0.012915,0.03924,0.1629
2022-10-31,Transporte,Sur,Transporte - Sur,79234825.89,55,0.022766,0.012356,0.550813,539240.62,0.006806,0.015961,0.02521,0.1331
2022-11-30,Agroindustria,Bajio,Agroindustria - Bajio,88884217.1,38,0.017959,0.018276,0.546894,888385.27,0.009995,0.007964,0.028031,0.1461
2022-11-30,Agroindustria,Centro,Agroindustria - Centro,102219894.19,48,0.01804,0.013226,0.48626,657387.36,0.006431,0.011609,0.032236,0.148
2022-11-30,Agroindustria,Norte,Agroindustria - Norte,106101642.71,48,0.01865,0.011509,0.451285,551090.17,0.005194,0.013456,0.03346,0.0963
2022-11-30,Agroindustria,Sur,Agroindustria - Sur,59452054.74,26,0.019046,0.012876,0.460621,352600.8,0.005931,0.013115,0.018749,0.1325
2022-11-30,Comercio,Bajio,Comercio - Bajio,156506032.51,127,0.017181,0.00676,0.426505,451229.97,0.002883,0.014298,0.049356,0.0986
2022-11-30,Comercio,Centro,Comercio - Centro,194823498.78,139,0.018423,0.000516,0.440629,44301.22,0.000227,0.018196,0.06144,0.1481
2022-11-30,Comercio,Norte,Comercio - Norte,178441184.65,165,0.018675,0.009599,0.505087,865137.98,0.004848,0.013827,0.056274,0.1952
2022-11-30,Comercio,Sur,Comercio - Sur,110944129.67,84,0.020735,0.022688,0.438798,1104498.39,0.009955,0.01078,0.034988,0.0872
2022-11-30,Construccion,Bajio,Construccion - Bajio,92998224.81,30,0.022329,0.019017,0.593021,1048811.52,0.011278,0.011051,0.029328,0.0817
2022-11-30,Construccion,Centro,Construccion - Centro,141122712.67,36,0.020524,0.009721,0.552186,757486.21,0.005368,0.015156,0.044505,0.1817
2022-11-30,Construccion,Norte,Construccion - Norte,110433003.49,29,0.022423,0.005136,0.598026,339173.96,0.003071,0.019352,0.034826,0.1426
2022-11-30,Construccion,Sur,Construccion - Sur,67774243.7,20,0.02344,0.016859,0.563384,643712.4,0.009498,0.013942,0.021373,0.2056
2022-11-30,Manufactura,Bajio,Manufactura - Bajio,184215692.84,73,0.015786,0.006668,0.332582,408526.5,0.002218,0.013568,0.058095,0.1784
2022-11-30,Manufactura,Centro,Manufactura - Centro,252573758.9,86,0.016717,0.007106,0.45853,823023.22,0.003259,0.013459,0.079652,0.1891
2022-11-30,Manufactura,Norte,Manufactura - Norte,201236104.37,62,0.01632,0.006161,0.427947,530581.95,0.002637,0.013684,0.063462,0.1884
2022-11-30,Manufactura,Sur,Manufactura - Sur,139336299.17,54,0.018276,0.003744,0.334594,174564.76,0.001253,0.017023,0.043941,0.1141
2022-11-30,Servicios,Bajio,Servicios - Bajio,131104686.93,124,0.01575,0.008533,0.394559,441388.21,0.003367,0.012384,0.041345,0.1386
2022-11-30,Servicios,Centro,Servicios - Centro,155469294.76,184,0.015104,0.003693,0.389946,223911.56,0.00144,0.013664,0.049029,0.219
2022-11-30,Servicios,Norte,Servicios - Norte,148643129.82,169,0.017836,0.0005,0.399858,29718.1,0.0002,0.017636,0.046876,0.1129
2022-11-30,Servicios,Sur,Servicios - Sur,78000151.52,92,0.015881,0.004798,0.381686,142833.08,0.001831,0.01405,0.024598,0.122
2022-11-30,Transporte,Bajio,Transporte - Bajio,117513485.75,80,0.018765,0.012928,0.509549,774084.25,0.006587,0.012177,0.037059,0.1471
2022-11-30,Transporte,Centro,Transporte - Centro,149117867.27,98,0.018759,0.003732,0.540578,300871.76,0.002018,0.016742,0.047026,0.1669
2022-11-30,Transporte,Norte,Transporte - Norte,124258122.47,70,0.020801,0.016479,0.481173,985268.24,0.007929,0.012872,0.039186,0.1629
2022-11-30,Transporte,Sur,Transporte - Sur,79789223.92,48,0.020218,0.009306,0.468487,347862.95,0.00436,0.015859,0.025162,0.1331
2022-12-31,Agroindustria,Bajio,Agroindustria - Bajio,89804606.51,43,0.018905,0.01616,0.517533,751071.77,0.008363,0.010541,0.028045,0.1461
2022-12-31,Agroindustria,Centro,Agroindustria - Centro,102826307.4,54,0.01804,0.014416,0.502835,745392.92,0.007249,0.010791,0.032112,0.148
2022-12-31,Agroindustria,Norte,Agroindustria - Norte,107472776.56,47,0.019913,0.014251,0.476901,730411.07,0.006796,0.013117,0.033563,0.0963
2022-12-31,Agroindustria,Sur,Agroindustria - Sur,60027116.89,25,0.020935,0.008639,0.436361,226283.31,0.00377,0.017165,0.018746,0.1325
2022-12-31,Comercio,Bajio,Comercio - Bajio,158193554.48,116,0.017366,0.004308,0.415892,283403.53,0.001791,0.015575,0.049402,0.0986
2022-12-31,Comercio,Centro,Comercio - Centro,196391375.17,186,0.018339,0.003525,0.490744,339693.4,0.00173,0.016609,0.061331,0.1481
2022-12-31,Comercio,Norte,Comercio - Norte,180246678.74,170,0.019904,0.010832,0.443912,866669.51,0.004808,0.015096,0.056289,0.1952
2022-12-31,Comercio,Sur,Comercio - Sur,112113585.12,85,0.020526,0.019884,0.513634,1145033.61,0.010213,0.010313,0.035012,0.0872
2022-12-31,Construccion,Bajio,Construccion - Bajio,93907942.63,28,0.022083,0.015678,0.565126,832038.21,0.00886,0.013222,0.029327,0.0817
2022-12-31,Construccion,Centro,Construccion - Centro,142847810.91,44,0.020292,0.006082,0.551032,478729.15,0.003351,0.01694,0.04461,0.1817
2022-12-31,Construccion,Norte,Construccion - Norte,111080980.44,36,0.023605,0.006061,0.556,374327.1,0.00337,0.020236,0.03469,0.1426
2022-12-31,Construccion,Sur,Construccion - Sur,68601740.45,18,0.023738,0.012799,0.584525,513231.5,0.007481,0.016257,0.021424,0.2056
2022-12-31,Manufactura,Bajio,Manufactura - Bajio,185763810.76,72,0.015966,0.007763,0.430052,620176.94,0.003339,0.012628,0.058012,0.1784
2022-12-31,Manufactura,Centro,Manufactura - Centro,254946562.44,100,0.015815,0.006542,0.462309,771040.07,0.003024,0.012791,0.079618,0.1891
2022-12-31,Manufactura,Norte,Manufactura - Norte,202970358.56,74,0.016493,0.005751,0.411549,480379.27,0.002367,0.014126,0.063386,0.1884
2022-12-31,Manufactura,Sur,Manufactura - Sur,141292427.87,43,0.018893,0.005062,0.401082,286836.94,0.00203,0.016862,0.044124,0.1141
2022-12-31,Servicios,Bajio,Servicios - Bajio,132938331.56,138,0.014943,0.007552,0.395685,397247.09,0.002988,0.011954,0.041515,0.1386
2022-12-31,Servicios,Centro,Servicios - Centro,156090307.54,199,0.014248,0.003826,0.402504,240383.21,0.00154,0.012708,0.048746,0.219
2022-12-31,Servicios,Norte,Servicios - Norte,150285024.36,163,0.016188,0.0005,0.380484,28590.51,0.00019,0.015998,0.046933,0.1129
2022-12-31,Servicios,Sur,Servicios - Sur,78462679.98,100,0.017815,0.006588,0.371559,192059.63,0.002448,0.015367,0.024503,0.122
2022-12-31,Transporte,Bajio,Transporte - Bajio,119030597.12,81,0.019866,0.013404,0.475727,759024.55,0.006377,0.013489,0.037172,0.1471
2022-12-31,Transporte,Centro,Transporte - Centro,150948339.17,96,0.019443,0.00934,0.572673,807396.43,0.005349,0.014094,0.04714,0.1669
2022-12-31,Transporte,Norte,Transporte - Norte,125300549.6,82,0.019053,0.013985,0.473497,829735.71,0.006622,0.012431,0.03913,0.1629
2022-12-31,Transporte,Sur,Transporte - Sur,80594856.82,53,0.020395,0.01099,0.512829,454212.29,0.005636,0.014759,0.025169,0.1331
2023-01-31,Agroindustria,Bajio,Agroindustria - Bajio,90901725.38,45,0.017788,0.015832,0.523468,753372.09,0.008288,0.0095,0.028123,0.1461
2023-01-31,Agroindustria,Centro,Agroindustria - Centro,103607866.29,48,0.020318,0.007087,0.471343,346074.34,0.00334,0.016978,0.032054,0.148
2023-01-31,Agroindustria,Norte,Agroindustria - Norte,108796690.73,52,0.019905,0.016289,0.506873,898275.03,0.008256,0.011649,0.033659,0.0963
2023-01-31,Agroindustria,Sur,Agroindustria - Sur,60831216.91,24,0.019766,0.013563,0.461315,380603.03,0.006257,0.013509,0.01882,0.1325
2023-01-31,Comercio,Bajio,Comercio - Bajio,159526875.89,144,0.016976,0.00075,0.385319,46105.36,0.000289,0.016687,0.049354,0.0986
2023-01-31,Comercio,Centro,Comercio - Centro,197495675.4,175,0.018785,0.006166,0.465242,566592.68,0.002869,0.015916,0.061101,0.1481
2023-01-31,Comercio,Norte,Comercio - Norte,181582330.5,144,0.01907,0.011758,0.461281,984858.06,0.005424,0.013647,0.056178,0.1952
2023-01-31,Comercio,Sur,Comercio - Sur,113356512.46,97,0.019629,0.019397,0.457033,1004888.68,0.008865,0.010764,0.03507,0.0872
2023-01-31,Construccion,Bajio,Construccion - Bajio,94286288.0,30,0.021317,0.012714,0.549105,658222.7,0.006981,0.014336,0.02917,0.0817
2023-01-31,Construccion,Centro,Construccion - Centro,144822611.38,47,0.021104,0.002532,0.518547,190155.45,0.001313,0.019791,0.044805,0.1817
2023-01-31,Construccion,Norte,Construccion - Norte,111958202.12,28,0.022544,0.005903,0.470493,310955.63,0.002777,0.019766,0.034638,0.1426
2023-01-31,Construccion,Sur,Construccion - Sur,69426645.48,18,0.021666,0.013476,0.560917,524775.59,0.007559,0.014107,0.021479,0.2056
2023-01-31,Manufactura,Bajio,Manufactura - Bajio,187148858.57,59,0.016585,0.004369,0.435632,356171.72,0.001903,0.014682,0.0579,0.1784
2023-01-31,Manufactura,Centro,Manufactura - Centro,257019401.68,91,0.016419,0.006284,0.402081,649425.18,0.002527,0.013892,0.079516,0.1891
2023-01-31,Manufactura,Norte,Manufactura - Norte,205094334.36,77,0.017709,0.004285,0.395301,347379.43,0.001694,0.016016,0.063452,0.1884
2023-01-31,Manufactura,Sur,Manufactura - Sur,143659888.99,54,0.019339,0.006216,0.399861,357093.68,0.002486,0.016853,0.044445,0.1141
2023-01-31,Servicios,Bajio,Servicios - Bajio,134329682.33,142,0.013256,0.008499,0.406669,464299.55,0.003456,0.0098,0.041559,0.1386
2023-01-31,Servicios,Centro,Servicios - Centro,157440143.57,149,0.015027,0.004885,0.406159,312398.1,0.001984,0.013043,0.048709,0.219
2023-01-31,Servicios,Norte,Servicios - Norte,151340518.44,171,0.014533,0.00243,0.366169,134643.24,0.00089,0.013644,0.046822,0.1129
2023-01-31,Servicios,Sur,Servicios - Sur,79033010.09,100,0.016104,0.00589,0.372595,173459.25,0.002195,0.013909,0.024451,0.122
2023-01-31,Transporte,Bajio,Transporte - Bajio,120197623.12,81,0.016833,0.010802,0.440325,571725.95,0.004757,0.012076,0.037187,0.1471
2023-01-31,Transporte,Centro,Transporte - Centro,152828232.62,90,0.019709,0.004871,0.485728,361569.67,0.002366,0.017343,0.047282,0.1669
2023-01-31,Transporte,Norte,Transporte - Norte,126389160.99,82,0.018813,0.008497,0.531562,570831.86,0.004516,0.014297,0.039102,0.1629
2023-01-31,Transporte,Sur,Transporte - Sur,81205645.34,49,0.020106,0.004199,0.490393,167210.26,0.002059,0.018047,0.025123,0.1331
2023-02-28,Agroindustria,Bajio,Agroindustria - Bajio,91801534.65,41,0.01793,0.014759,0.564003,764151.49,0.008324,0.009606,0.028163,0.1461
2023-02-28,Agroindustria,Centro,Agroindustria - Centro,104110582.22,42,0.019405,0.007357,0.479749,367442.51,0.003529,0.015876,0.031939,0.148
2023-02-28,Agroindustria,Norte,Agroindustria - Norte,110063273.48,57,0.01898,0.017959,0.497738,983855.61,0.008939,0.010041,0.033765,0.0963
2023-02-28,Agroindustria,Sur,Agroindustria - Sur,61452900.54,26,0.01917,0.010994,0.502332,339376.62,0.005523,0.013647,0.018853,0.1325
2023-02-28,Comercio,Bajio,Comercio - Bajio,160531839.95,152,0.017063,0.001919,0.442008,136148.1,0.000848,0.016215,0.049248,0.0986
2023-02-28,Comercio,Centro,Comercio - Centro,199307270.82,173,0.019129,0.006263,0.455858,569065.77,0.002855,0.016274,0.061144,0.1481
2023-02-28,Comercio,Norte,Comercio - Norte,183716155.33,134,0.019369,0.014562,0.405448,1084691.67,0.005904,0.013465,0.056361,0.1952
2023-02-28,Comercio,Sur,Comercio - Sur,114241449.24,95,0.01927,0.01595,0.394125,718168.42,0.006286,0.012984,0.035047,0.0872
2023-02-28,Construccion,Bajio,Construccion - Bajio,95198409.54,29,0.019181,0.015452,0.533056,784143.55,0.008237,0.010944,0.029205,0.0817
2023-02-28,Construccion,Centro,Construccion - Centro,146565513.78,39,0.020552,0.009544,0.574054,803015.95,0.005479,0.015073,0.044964,0.1817
2023-02-28,Construccion,Norte,Construccion - Norte,112760393.2,27,0.022964,0.007633,0.539785,464603.03,0.00412,0.018844,0.034593,0.1426
2023-02-28,Construccion,Sur,Construccion - Sur,70130201.83,18,0.022957,0.014459,0.567545,575482.01,0.008206,0.014752,0.021515,0.2056
2023-02-28,Manufactura,Bajio,Manufactura - Bajio,188301241.57,61,0.014639,0.003407,0.369381,236997.91,0.001259,0.01338,0.057767,0.1784
2023-02-28,Manufactura,Centro,Manufactura - Centro,258341522.47,100,0.016464,0.007486,0.404806,782854.98,0.00303,0.013434,0.079255,0.1891
2023-02-28,Manufactura,Norte,Manufactura - Norte,206541843.42,71,0.017418,0.004752,0.398777,391434.17,0.001895,0.015523,0.063363,0.1884
2023-02-28,Manufactura,Sur,Manufactura - Sur,145135806.92,57,0.018164,0.003609,0.431366,225924.59,0.001557,0.016608,0.044525,0.1141
2023-02-28,Servicios,Bajio,Servicios - Bajio,136327671.19,141,0.013581,0.008673,0.422707,499800.61,0.003666,0.009915,0.041823,0.1386
2023-02-28,Servicios,Centro,Servicios - Centro,158229487.15,158,0.015472,0.004809,0.359166,273304.01,0.001727,0.013745,0.048542,0.219
2023-02-28,Servicios,Norte,Servicios - Norte,152769759.25,162,0.016934,0.00226,0.367003,126727.66,0.00083,0.016104,0.046867,0.1129
2023-02-28,Servicios,Sur,Servicios - Sur,79503947.91,99,0.017048,0.004364,0.39464,136927.41,0.001722,0.015326,0.02439,0.122
2023-02-28,Transporte,Bajio,Transporte - Bajio,121296935.32,65,0.02036,0.008971,0.516218,561727.37,0.004631,0.015729,0.037212,0.1471
2023-02-28,Transporte,Centro,Transporte - Centro,154432039.46,108,0.021036,0.002786,0.460387,198052.96,0.001282,0.019754,0.047377,0.1669
2023-02-28,Transporte,Norte,Transporte - Norte,126809388.49,90,0.020307,0.009677,0.498084,611210.12,0.00482,0.015487,0.038903,0.1629
2023-02-28,Transporte,Sur,Transporte - Sur,82071314.02,51,0.021537,0.005426,0.552786,246184.89,0.003,0.018537,0.025178,0.1331
2023-03-31,Agroindustria,Bajio,Agroindustria - Bajio,92767123.81,46,0.017165,0.0124,0.502745,578320.11,0.006234,0.010931,0.02822,0.1461
2023-03-31,Agroindustria,Centro,Agroindustria - Centro,104854503.34,41,0.019355,0.012961,0.460151,625363.36,0.005964,0.013391,0.031897,0.148
2023-03-31,Agroindustria,Norte,Agroindustria - Norte,111255265.66,49,0.019616,0.01583,0.485161,854460.44,0.00768,0.011936,0.033844,0.0963
2023-03-31,Agroindustria,Sur,Agroindustria - Sur,62238279.49,25,0.019948,0.015585,0.468738,454680.8,0.007305,0.012642,0.018933,0.1325
2023-03-31,Comercio,Bajio,Comercio - Bajio,161952173.24,116,0.017399,0.000581,0.432552,40727.05,0.000251,0.017148,0.049266,0.0986
2023-03-31,Comercio,Centro,Comercio - Centro,200118744.2,179,0.016526,0.005792,0.443469,514001.98,0.002568,0.013958,0.060877,0.1481
2023-03-31,Comercio,Norte,Comercio - Norte,185677783.17,142,0.017753,0.016758,0.485712,1511358.96,0.00814,0.009614,0.056484,0.1952
2023-03-31,Comercio,Sur,Comercio - Sur,114995036.96,98,0.019142,0.014229,0.419929,687095.83,0.005975,0.013167,0.034982,0.0872
2023-03-31,Construccion,Bajio,Construccion - Bajio,95746385.16,29,0.020961,0.018375,0.558885,983254.94,0.010269,0.010691,0.029126,0.0817
2023-03-31,Construccion,Centro,Construccion - Centro,148194031.31,49,0.019853,0.011205,0.520708,864657.51,0.005835,0.014018,0.045081,0.1817
2023-03-31,Construccion,Norte,Construccion - Norte,113939696.5,36,0.02098,0.011828,0.569618,767660.63,0.006737,0.014243,0.034661,0.1426
2023-03-31,Construccion,Sur,Construccion - Sur,70579334.55,18,0.024985,0.018275,0.53765,693483.61,0.009826,0.01516,0.02147,0.2056
2023-03-31,Manufactura,Bajio,Manufactura - Bajio,189937972.8,73,0.016185,0.00265,0.344205,173249.52,0.000912,0.015273,0.05778,0.1784
2023-03-31,Manufactura,Centro,Manufactura - Centro,260601940.09,103,0.016919,0.004273,0.432287,481416.27,0.001847,0.015072,0.079276,0.1891
2023-03-31,Manufactura,Norte,Manufactura - Norte,207592921.58,70,0.017904,0.005208,0.380356,411228.25,0.001981,0.015923,0.06315,0.1884
2023-03-31,Manufactura,Sur,Manufactura - Sur,147016376.28,47,0.018405,0.00456,0.435629,292069.48,0.001987,0.016418,0.044723,0.1141
2023-03-31,Servicios,Bajio,Servicios - Bajio,137884527.74,168,0.014425,0.010259,0.409876,579793.61,0.004205,0.01022,0.041945,0.1386
2023-03-31,Servicios,Centro,Servicios - Centro,159120413.8,186,0.015049,0.003412,0.331491,179997.72,0.001131,0.013918,0.048405,0.219
2023-03-31,Servicios,Norte,Servicios - Norte,154635469.95,161,0.015982,0.002754,0.389832,165992.88,0.001073,0.014909,0.047041,0.1129
2023-03-31,Servicios,Sur,Servicios - Sur,79824807.83,95,0.017079,0.004284,0.347631,118874.36,0.001489,0.015589,0.024283,0.122
2023-03-31,Transporte,Bajio,Transporte - Bajio,122506178.8,71,0.020552,0.007725,0.563602,533379.1,0.004354,0.016198,0.037267,0.1471
2023-03-31,Transporte,Centro,Transporte - Centro,155638811.54,85,0.019177,0.005166,0.432892,348027.38,0.002236,0.016941,0.047346,0.1669
2023-03-31,Transporte,Norte,Transporte - Norte,127268943.95,87,0.022054,0.010279,0.560663,733453.66,0.005763,0.016291,0.038716,0.1629
2023-03-31,Transporte,Sur,Transporte - Sur,82929460.09,52,0.021354,0.003226,0.472896,126497.48,0.001525,0.019829,0.025227,0.1331
2023-04-30,Agroindustria,Bajio,Agroindustria - Bajio,93648175.06,41,0.01766,0.01218,0.484892,553106.02,0.005906,0.011754,0.028273,0.1461
2023-04-30,Agroindustria,Centro,Agroindustria - Centro,105607155.64,52,0.018154,0.015832,0.507122,847911.63,0.008029,0.010125,0.031883,0.148
2023-04-30,Agroindustria,Norte,Agroindustria - Norte,112169613.32,49,0.017834,0.01476,0.495868,820947.25,0.007319,0.010515,0.033864,0.0963
2023-04-30,Agroindustria,Sur,Agroindustria - Sur,62662438.55,27,0.01971,0.016623,0.490671,511096.12,0.008156,0.011553,0.018918,0.1325
2023-04-30,Comercio,Bajio,Comercio - Bajio,162747370.6,140,0.017807,0.00093,0.403469,61097.1,0.000375,0.017432,0.049134,0.0986
2023-04-30,Comercio,Centro,Comercio - Centro,201652109.7,170,0.01677,0.006588,0.438486,582508.99,0.002889,0.013881,0.060879,0.1481
2023-04-30,Comercio,Norte,Comercio - Norte,187312816.35,153,0.019105,0.014726,0.427185,1178297.91,0.006291,0.012814,0.05655,0.1952
2023-04-30,Comercio,Sur,Comercio - Sur,116212542.01,93,0.020251,0.014386,0.397785,665050.73,0.005723,0.014528,0.035085,0.0872
2023-04-30,Construccion,Bajio,Construccion - Bajio,96367127.53,27,0.019134,0.021797,0.579743,1217733.47,0.012636,0.006498,0.029094,0.0817
2023-04-30,Construccion,Centro,Construccion - Centro,149720027.64,41,0.020656,0.010112,0.543453,822760.34,0.005495,0.015161,0.045201,0.1817
2023-04-30,Construccion,Norte,Construccion - Norte,114525522.31,35,0.020748,0.010914,0.542889,678545.34,0.005925,0.014824,0.034576,0.1426
2023-04-30,Construccion,Sur,Construccion - Sur,71300685.0,20,0.025065,0.019407,0.494158,683785.15,0.00959,0.015475,0.021526,0.2056
2023-04-30,Manufactura,Bajio,Manufactura - Bajio,191293701.03,59,0.015721,0.0005,0.402971,38542.91,0.000201,0.015519,0.057752,0.1784
2023-04-30,Manufactura,Centro,Manufactura - Centro,263940303.87,94,0.017451,0.002588,0.37463,255867.63,0.000969,0.016482,0.079684,0.1891
2023-04-30,Manufactura,Norte,Manufactura - Norte,208565951.25,75,0.016948,0.007219,0.413382,622380.57,0.002984,0.013964,0.062967,0.1884
2023-04-30,Manufactura,Sur,Manufactura - Sur,148430202.72,47,0.016747,0.00628,0.406083,378550.99,0.00255,0.014196,0.044812,0.1141
2023-04-30,Servicios,Bajio,Servicios - Bajio,138897077.73,166,0.01557,0.007654,0.351973,374181.43,0.002694,0.012876,0.041934,0.1386
2023-04-30,Servicios,Centro,Servicios - Centro,159889440.75,154,0.015193,0.003474,0.363994,202173.99,0.001264,0.013929,0.048271,0.219
2023-04-30,Servicios,Norte,Servicios - Norte,155767932.18,160,0.01656,0.004399,0.397525,272420.82,0.001749,0.014812,0.047027,0.1129
2023-04-30,Servicios,Sur,Servicios - Sur,79858514.47,92,0.017234,0.004957,0.331159,131099.07,0.001642,0.015592,0.02411,0.122
2023-04-30,Transporte,Bajio,Transporte - Bajio,123059931.58,76,0.019212,0.008945,0.541687,596294.21,0.004846,0.014367,0.037152,0.1471
2023-04-30,Transporte,Centro,Transporte - Centro,156718324.94,104,0.020419,0.010617,0.492677,819781.25,0.005231,0.015188,0.047314,0.1669
2023-04-30,Transporte,Norte,Transporte - Norte,128405004.12,82,0.020311,0.011761,0.501389,757200.57,0.005897,0.014415,0.038766,0.1629
2023-04-30,Transporte,Sur,Transporte - Sur,83564905.51,57,0.020804,0.005056,0.477942,201934.78,0.002417,0.018388,0.025229,0.1331
2023-05-31,Agroindustria,Bajio,Agroindustria - Bajio,94306865.56,41,0.019833,0.012301,0.509212,590702.03,0.006264,0.01357,0.028339,0.1461
2023-05-31,Agroindustria,Centro,Agroindustria - Centro,105929511.08,47,0.018199,0.01034,0.459198,502952.42,0.004748,0.013451,0.031832,0.148
2023-05-31,Agroindustria,Norte,Agroindustria - Norte,113045979.07,50,0.020631,0.013828,0.459237,717905.05,0.006351,0.01428,0.03397,0.0963
2023-05-31,Agroindustria,Sur,Agroindustria - Sur,63162205.66,31,0.019882,0.016919,0.4583,489761.7,0.007754,0.012127,0.01898,0.1325
2023-05-31,Comercio,Bajio,Comercio - Bajio,163600333.33,147,0.017182,0.003345,0.463591,253710.29,0.001551,0.015631,0.049162,0.0986
2023-05-31,Comercio,Centro,Comercio - Centro,202607760.8,168,0.018431,0.005112,0.458647,475070.13,0.002345,0.016086,0.060884,0.1481
2023-05-31,Comercio,Norte,Comercio - Norte,187798140.69,177,0.01931,0.014597,0.433177,1187434.26,0.006323,0.012987,0.056434,0.1952
2023-05-31,Comercio,Sur,Comercio - Sur,116723511.86,107,0.020046,0.016133,0.45052,848400.69,0.007268,0.012778,0.035076,0.0872
2023-05-31,Construccion,Bajio,Construccion - Bajio,96434387.77,26,0.018895,0.025559,0.525191,1294451.17,0.013423,0.005471,0.028979,0.0817
2023-05-31,Construccion,Centro,Construccion - Centro,151227903.1,39,0.021392,0.00751,0.541142,614568.38,0.004064,0.017328,0.045444,0.1817
2023-05-31,Construccion,Norte,Construccion - Norte,115217484.38,31,0.023701,0.007863,0.57145,517740.64,0.004494,0.019208,0.034623,0.1426
2023-05-31,Construccion,Sur,Construccion - Sur,71620225.02,21,0.024195,0.020634,0.570756,843489.26,0.011777,0.012418,0.021522,0.2056
2023-05-31,Manufactura,Bajio,Manufactura - Bajio,191556427.41,78,0.017566,0.0005,0.427925,40985.91,0.000214,0.017352,0.057563,0.1784
2023-05-31,Manufactura,Centro,Manufactura - Centro,265947827.84,107,0.015745,0.000876,0.409992,95541.19,0.000359,0.015385,0.079918,0.1891
2023-05-31,Manufactura,Norte,Manufactura - Norte,209376780.49,83,0.017468,0.008181,0.38635,661780.55,0.003161,0.014308,0.062918,0.1884
2023-05-31,Manufactura,Sur,Manufactura - Sur,149528236.82,59,0.017658,0.007092,0.384989,408276.77,0.00273,0.014927,0.044933,0.1141
2023-05-31,Servicios,Bajio,Servicios - Bajio,139822179.86,164,0.015267,0.006882,0.352894,339586.41,0.002429,0.012838,0.042017,0.1386
2023-05-31,Servicios,Centro,Servicios - Centro,160373229.81,183,0.01537,0.003787,0.406674,247000.62,0.00154,0.01383,0.048192,0.219
2023-05-31,Servicios,Norte,Servicios - Norte,156225622.44,152,0.016411,0.006954,0.352771,383245.82,0.002453,0.013958,0.046946,0.1129
2023-05-31,Servicios,Sur,Servicios - Sur,79922507.9,80,0.017101,0.004372,0.369555,129117.11,0.001616,0.015486,0.024017,0.122
2023-05-31,Transporte,Bajio,Transporte - Bajio,123655007.32,79,0.019696,0.012401,0.49228,754858.21,0.006105,0.013592,0.037158,0.1471
2023-05-31,Transporte,Centro,Transporte - Centro,157390910.95,105,0.020703,0.011541,0.490509,890993.36,0.005661,0.015042,0.047296,0.1669
2023-05-31,Transporte,Norte,Transporte - Norte,128559709.08,72,0.021872,0.00807,0.472218,489929.45,0.003811,0.018061,0.038632,0.1629
2023-05-31,Transporte,Sur,Transporte - Sur,83740926.53,60,0.020207,0.002721,0.470905,107304.73,0.001281,0.018926,0.025164,0.1331
2023-06-30,Agroindustria,Bajio,Agroindustria - Bajio,94921948.82,44,0.018307,0.010961,0.463223,481949.78,0.005077,0.013229,0.028405,0.1461
2023-06-30,Agroindustria,Centro,Agroindustria - Centro,106019292.3,45,0.017093,0.009505,0.524555,528613.49,0.004986,0.012106,0.031726,0.148
2023-06-30,Agroindustria,Norte,Agroindustria - Norte,114153098.35,51,0.019029,0.015038,0.472676,811395.83,0.007108,0.011921,0.03416,0.0963
2023-06-30,Agroindustria,Sur,Agroindustria - Sur,63460686.8,31,0.021162,0.015261,0.481955,466749.88,0.007355,0.013807,0.018991,0.1325
2023-06-30,Comercio,Bajio,Comercio - Bajio,164107803.36,128,0.017108,0.002759,0.436501,197655.91,0.001204,0.015904,0.049109,0.0986
2023-06-30,Comercio,Centro,Comercio - Centro,204056227.56,167,0.017554,0.003115,0.442429,281237.23,0.001378,0.016175,0.061063,0.1481
2023-06-30,Comercio,Norte,Comercio - Norte,188748930.59,152,0.01809,0.012357,0.449333,1047983.47,0.005552,0.012538,0.056483,0.1952
2023-06-30,Comercio,Sur,Comercio - Sur,117000297.15,87,0.02045,0.016195,0.446346,845746.51,0.007229,0.013222,0.035012,0.0872
2023-06-30,Construccion,Bajio,Construccion - Bajio,96565047.56,29,0.020698,0.023874,0.549855,1267608.37,0.013127,0.007571,0.028897,0.0817
2023-06-30,Construccion,Centro,Construccion - Centro,152700318.59,39,0.020855,0.006674,0.560743,571498.36,0.003743,0.017112,0.045695,0.1817
2023-06-30,Construccion,Norte,Construccion - Norte,115384347.09,34,0.021988,0.009539,0.524499,577317.94,0.005003,0.016985,0.034529,0.1426
2023-06-30,Construccion,Sur,Construccion - Sur,71818468.12,19,0.023425,0.021128,0.602493,914229.75,0.01273,0.010695,0.021492,0.2056
2023-06-30,Manufactura,Bajio,Manufactura - Bajio,192060109.9,66,0.015914,0.0005,0.453928,43590.72,0.000227,0.015687,0.057474,0.1784
2023-06-30,Manufactura,Centro,Manufactura - Centro,267024426.38,98,0.016517,0.0005,0.399224,53301.3,0.0002,0.016317,0.079907,0.1891
2023-06-30,Manufactura,Norte,Manufactura - Norte,209748511.49,83,0.017937,0.008317,0.363232,633676.97,0.003021,0.014916,0.062767,0.1884
2023-06-30,Manufactura,Sur,Manufactura - Sur,150522734.66,59,0.018565,0.008246,0.414555,514547.55,0.003418,0.015146,0.045044,0.1141
2023-06-30,Servicios,Bajio,Servicios - Bajio,140821374.65,140,0.015308,0.006005,0.377727,319395.17,0.002268,0.01304,0.042141,0.1386
2023-06-30,Servicios,Centro,Servicios - Centro,160511326.64,188,0.014859,0.004113,0.36374,240123.24,0.001496,0.013363,0.048033,0.219
2023-06-30,Servicios,Norte,Servicios - Norte,157428189.04,175,0.016267,0.005938,0.381094,356271.45,0.002263,0.014004,0.04711,0.1129
2023-06-30,Servicios,Sur,Servicios - Sur,79724829.88,90,0.016125,0.005447,0.402923,174965.97,0.002195,0.01393,0.023858,0.122
2023-06-30,Transporte,Bajio,Transporte - Bajio,124421002.59,88,0.019675,0.01463,0.500265,910636.2,0.007319,0.012356,0.037233,0.1471
2023-06-30,Transporte,Centro,Transporte - Centro,157724494.46,111,0.019477,0.013008,0.480461,985738.01,0.00625,0.013227,0.047199,0.1669
2023-06-30,Transporte,Norte,Transporte - Norte,128882241.47,82,0.020932,0.010112,0.536808,699620.64,0.005428,0.015504,0.038568,0.1629
2023-06-30,Transporte,Sur,Transporte - Sur,83900208.37,52,0.019894,0.005693,0.509704,243455.65,0.002902,0.016992,0.025107,0.1331
2023-07-31,Agroindustria,Bajio,Agroindustria - Bajio,95457529.5,43,0.017316,0.0127,0.483231,585841.69,0.006137,0.011178,0.028519,0.1461
2023-07-31,Agroindustria,Centro,Agroindustria - Centro,106008301.24,46,0.019224,0.006576,0.470525,327990.27,0.003094,0.01613,0.031671,0.148
2023-07-31,Agroindustria,Norte,Agroindustria - Norte,114751348.89,60,0.019781,0.017897,0.479397,984526.85,0.00858,0.011202,0.034283,0.0963
2023-07-31,Agroindustria,Sur,Agroindustria - Sur,63610359.66,33,0.019367,0.016754,0.537627,572949.35,0.009007,0.01036,0.019004,0.1325
2023-07-31,Comercio,Bajio,Comercio - Bajio,164308467.99,149,0.017603,0.004029,0.417728,276517.01,0.001683,0.01592,0.049089,0.0986
2023-07-31,Comercio,Centro,Comercio - Centro,203731107.38,177,0.019323,0.001882,0.448723,172085.18,0.000845,0.018478,0.060867,0.1481
2023-07-31,Comercio,Norte,Comercio - Norte,189187451.57,170,0.019121,0.011836,0.403113,902630.76,0.004771,0.01435,0.056522,0.1952
2023-07-31,Comercio,Sur,Comercio - Sur,117265379.91,96,0.01991,0.018785,0.435947,960337.41,0.008189,0.011721,0.035034,0.0872
2023-07-31,Construccion,Bajio,Construccion - Bajio,96538148.45,29,0.02097,0.021137,0.576042,1175443.18,0.012176,0.008794,0.028842,0.0817
2023-07-31,Construccion,Centro,Construccion - Centro,153648704.23,48,0.01951,0.003754,0.486427,280559.6,0.001826,0.017684,0.045904,0.1817
2023-07-31,Construccion,Norte,Construccion - Norte,115362694.57,30,0.021202,0.008953,0.510821,527572.35,0.004573,0.016629,0.034466,0.1426
2023-07-31,Construccion,Sur,Construccion - Sur,72102591.11,22,0.021785,0.019565,0.583887,823687.07,0.011424,0.010361,0.021541,0.2056
2023-07-31,Manufactura,Bajio,Manufactura - Bajio,192584605.64,73,0.017385,0.0005,0.415489,40008.39,0.000208,0.017177,0.057537,0.1784
2023-07-31,Manufactura,Centro,Manufactura - Centro,268084214.85,106,0.017822,0.0005,0.409417,54879.15,0.000205,0.017617,0.080093,0.1891
2023-07-31,Manufactura,Norte,Manufactura - Norte,209159127.87,64,0.017115,0.01001,0.361662,757202.0,0.00362,0.013495,0.062489,0.1884
2023-07-31,Manufactura,Sur,Manufactura - Sur,151156557.63,55,0.01848,0.005561,0.384162,322942.27,0.002136,0.016343,0.04516,0.1141
2023-07-31,Servicios,Bajio,Servicios - Bajio,141631183.45,172,0.016699,0.003558,0.366465,184695.79,0.001304,0.015395,0.042314,0.1386
2023-07-31,Servicios,Centro,Servicios - Centro,160487318.1,183,0.015944,0.004448,0.359179,256414.95,0.001598,0.014346,0.047947,0.219
2023-07-31,Servicios,Norte,Servicios - Norte,158003896.75,196,0.017132,0.00574,0.319051,289366.56,0.001831,0.0153,0.047205,0.1129
2023-07-31,Servicios,Sur,Servicios - Sur,79239287.93,95,0.015681,0.004655,0.430627,158848.87,0.002005,0.013676,0.023674,0.122
2023-07-31,Transporte,Bajio,Transporte - Bajio,124355603.29,75,0.018533,0.015049,0.526631,985572.7,0.007925,0.010608,0.037153,0.1471
2023-07-31,Transporte,Centro,Transporte - Centro,157740556.52,99,0.019302,0.012755,0.506641,1019341.55,0.006462,0.01284,0.047127,0.1669
2023-07-31,Transporte,Norte,Transporte - Norte,128608111.27,70,0.02108,0.01553,0.518924,1036469.46,0.008059,0.013021,0.038423,0.1629
2023-07-31,Transporte,Sur,Transporte - Sur,84132013.74,50,0.021204,0.006883,0.458808,265679.56,0.003158,0.018046,0.025135,0.1331
2023-08-31,Agroindustria,Bajio,Agroindustria - Bajio,95686631.4,50,0.017928,0.015045,0.460568,663043.89,0.006929,0.010999,0.028593,0.1461
2023-08-31,Agroindustria,Centro,Agroindustria - Centro,105279089.0,52,0.018909,0.011367,0.480615,575158.51,0.005463,0.013446,0.03146,0.148
2023-08-31,Agroindustria,Norte,Agroindustria - Norte,115323827.32,56,0.01843,0.017512,0.432474,873381.81,0.007573,0.010857,0.034461,0.0963
2023-08-31,Agroindustria,Sur,Agroindustria - Sur,63749838.39,28,0.021893,0.015994,0.469545,478759.1,0.00751,0.014383,0.01905,0.1325
2023-08-31,Comercio,Bajio,Comercio - Bajio,165055463.36,143,0.015897,0.004033,0.433363,288494.89,0.001748,0.014149,0.049322,0.0986
2023-08-31,Comercio,Centro,Comercio - Centro,203385081.94,154,0.017862,0.001522,0.452358,140000.43,0.000688,0.017173,0.060776,0.1481
2023-08-31,Comercio,Norte,Comercio - Norte,188569857.5,159,0.019155,0.010061,0.456863,866744.09,0.004596,0.014559,0.056349,0.1952
2023-08-31,Comercio,Sur,Comercio - Sur,117299006.93,103,0.020556,0.017331,0.510328,1037460.24,0.008845,0.011712,0.035051,0.0872
2023-08-31,Construccion,Bajio,Construccion - Bajio,96486246.01,31,0.021346,0.023673,0.49192,1123618.55,0.011645,0.009701,0.028832,0.0817
2023-08-31,Construccion,Centro,Construccion - Centro,154391277.44,45,0.021981,0.008012,0.576727,713390.67,0.004621,0.017361,0.046135,0.1817
2023-08-31,Construccion,Norte,Construccion - Norte,115156626.31,30,0.021158,0.00898,0.547857,566564.09,0.00492,0.016238,0.034411,0.1426
2023-08-31,Construccion,Sur,Construccion - Sur,72143400.55,19,0.023732,0.016177,0.490364,572288.84,0.007933,0.015799,0.021558,0.2056
2023-08-31,Manufactura,Bajio,Manufactura - Bajio,192753581.81,77,0.015159,0.002125,0.388848,159259.53,0.000826,0.014333,0.057599,0.1784
2023-08-31,Manufactura,Centro,Manufactura - Centro,267703913.37,91,0.016015,0.000584,0.374999,58594.13,0.000219,0.015796,0.079995,0.1891
2023-08-31,Manufactura,Norte,Manufactura - Norte,208620997.94,67,0.017763,0.007669,0.405178,648289.78,0.003108,0.014656,0.06234,0.1884
2023-08-31,Manufactura,Sur,Manufactura - Sur,151537726.05,59,0.017873,0.006403,0.399958,388080.89,0.002561,0.015312,0.045283,0.1141
2023-08-31,Servicios,Bajio,Servicios - Bajio,141919127.44,166,0.014254,0.004893,0.34585,240141.61,0.001692,0.012562,0.042408,0.1386
2023-08-31,Servicios,Centro,Servicios - Centro,159966125.3,171,0.016527,0.00583,0.325359,303444.02,0.001897,0.01463,0.047801,0.219
2023-08-31,Servicios,Norte,Servicios - Norte,158081843.41,183,0.015227,0.007755,0.386351,473654.86,0.002996,0.012231,0.047238,0.1129
2023-08-31,Servicios,Sur,Servicios - Sur,78733560.98,88,0.017559,0.005788,0.403464,183847.15,0.002335,0.015224,0.023527,0.122
2023-08-31,Transporte,Bajio,Transporte - Bajio,124687066.27,87,0.019684,0.010981,0.533664,730692.94,0.00586,0.013824,0.037259,0.1471
2023-08-31,Transporte,Centro,Transporte - Centro,157577950.2,93,0.019156,0.009669,0.511855,779876.49,0.004949,0.014207,0.047088,0.1669
2023-08-31,Transporte,Norte,Transporte - Norte,128262011.1,79,0.01924,0.014973,0.521806,1002134.64,0.007813,0.011427,0.038327,0.1629
2023-08-31,Transporte,Sur,Transporte - Sur,84118252.55,51,0.020702,0.012452,0.485644,508666.63,0.006047,0.014655,0.025136,0.1331
2023-09-30,Agroindustria,Bajio,Agroindustria - Bajio,95726322.26,44,0.016819,0.016321,0.49194,768565.57,0.008029,0.00879,0.028665,0.1461
2023-09-30,Agroindustria,Centro,Agroindustria - Centro,104882343.18,47,0.019618,0.011773,0.502762,620783.86,0.005919,0.013699,0.031406,0.148
2023-09-30,Agroindustria,Norte,Agroindustria - Norte,115132694.93,50,0.019236,0.021,0.445161,1076314.73,0.009348,0.009887,0.034476,0.0963
2023-09-30,Agroindustria,Sur,Agroindustria - Sur,63676698.63,31,0.018794,0.014287,0.491533,447182.87,0.007023,0.011772,0.019068,0.1325
2023-09-30,Comercio,Bajio,Comercio - Bajio,164929026.08,155,0.01798,0.006004,0.482139,477454.77,0.002895,0.015086,0.049387,0.0986
2023-09-30,Comercio,Centro,Comercio - Centro,203403339.57,189,0.016439,0.0005,0.429658,43696.92,0.000215,0.016225,0.060908,0.1481
2023-09-30,Comercio,Norte,Comercio - Norte,188164122.15,142,0.018074,0.013297,0.479024,1198534.07,0.00637,0.011705,0.056345,0.1952
2023-09-30,Comercio,Sur,Comercio - Sur,116959000.95,108,0.019862,0.015455,0.466469,843171.27,0.007209,0.012653,0.035023,0.0872
2023-09-30,Construccion,Bajio,Construccion - Bajio,95729843.27,28,0.020947,0.023963,0.548273,1257726.21,0.013138,0.007809,0.028666,0.0817
2023-09-30,Construccion,Centro,Construccion - Centro,154647246.09,42,0.018108,0.006236,0.52969,510794.37,0.003303,0.014805,0.046308,0.1817
2023-09-30,Construccion,Norte,Construccion - Norte,115073465.32,33,0.021007,0.008585,0.550947,544280.15,0.00473,0.016277,0.034458,0.1426
2023-09-30,Construccion,Sur,Construccion - Sur,72260725.14,19,0.02269,0.017217,0.504553,627720.88,0.008687,0.014003,0.021638,0.2056
2023-09-30,Manufactura,Bajio,Manufactura - Bajio,192562458.07,67,0.016548,0.002285,0.373206,164231.8,0.000853,0.015695,0.057662,0.1784
2023-09-30,Manufactura,Centro,Manufactura - Centro,267462488.25,95,0.015916,0.000969,0.352313,91290.11,0.000341,0.015575,0.08009,0.1891
2023-09-30,Manufactura,Norte,Manufactura - Norte,207739599.03,68,0.01677,0.006462,0.447373,600597.08,0.002891,0.013879,0.062206,0.1884
2023-09-30,Manufactura,Sur,Manufactura - Sur,151544518.34,48,0.018487,0.005978,0.429584,389166.42,0.002568,0.015919,0.045379,0.1141
2023-09-30,Servicios,Bajio,Servicios - Bajio,142002707.41,143,0.015138,0.00453,0.366749,235893.67,0.001661,0.013477,0.042522,0.1386
2023-09-30,Servicios,Centro,Servicios - Centro,158853975.65,187,0.015039,0.004348,0.432579,298792.91,0.001881,0.013158,0.047568,0.219
2023-09-30,Servicios,Norte,Servicios - Norte,157809740.5,176,0.016056,0.005497,0.402864,349469.09,0.002214,0.013842,0.047255,0.1129
2023-09-30,Servicios,Sur,Servicios - Sur,78023159.03,96,0.017008,0.006483,0.335952,169925.43,0.002178,0.01483,0.023364,0.122
2023-09-30,Transporte,Bajio,Transporte - Bajio,124892397.03,70,0.018361,0.007532,0.489694,460668.27,0.003689,0.014673,0.037398,0.1471
2023-09-30,Transporte,Centro,Transporte - Centro,157019646.52,108,0.019243,0.008521,0.509692,681934.56,0.004343,0.0149,0.047019,0.1669
2023-09-30,Transporte,Norte,Transporte - Norte,127490917.07,77,0.02157,0.014134,0.535718,965323.0,0.007572,0.013999,0.038176,0.1629
2023-09-30,Transporte,Sur,Transporte - Sur,83537449.2,46,0.020428,0.012586,0.435429,457813.87,0.00548,0.014947,0.025015,0.1331
2023-10-31,Agroindustria,Bajio,Agroindustria - Bajio,95681762.57,42,0.017316,0.014601,0.460443,643261.49,0.006723,0.010593,0.028732,0.1461
2023-10-31,Agroindustria,Centro,Agroindustria - Centro,104849820.44,53,0.018163,0.009587,0.480716,483228.38,0.004609,0.013554,0.031485,0.148
2023-10-31,Agroindustria,Norte,Agroindustria - Norte,115352447.8,50,0.019568,0.021406,0.446353,1102151.41,0.009555,0.010013,0.034638,0.0963
2023-10-31,Agroindustria,Sur,Agroindustria - Sur,63247758.65,30,0.021835,0.016032,0.433034,439098.94,0.006943,0.014892,0.018992,0.1325
2023-10-31,Comercio,Bajio,Comercio - Bajio,164615077.9,157,0.017561,0.007281,0.468088,561016.9,0.003408,0.014153,0.049431,0.0986
2023-10-31,Comercio,Centro,Comercio - Centro,202867448.59,185,0.017039,0.001736,0.465964,164141.51,0.000809,0.01623,0.060918,0.1481
2023-10-31,Comercio,Norte,Comercio - Norte,187611705.24,148,0.017553,0.013362,0.458788,1150157.25,0.006131,0.011423,0.056337,0.1952
2023-10-31,Comercio,Sur,Comercio - Sur,116573537.85,93,0.020562,0.022057,0.471783,1213089.06,0.010406,0.010156,0.035005,0.0872
2023-10-31,Construccion,Bajio,Construccion - Bajio,95125822.7,26,0.020957,0.01925,0.537121,983556.63,0.01034,0.010618,0.028565,0.0817
2023-10-31,Construccion,Centro,Construccion - Centro,154576695.67,46,0.020558,0.010804,0.586599,979673.98,0.006338,0.014221,0.046417,0.1817
2023-10-31,Construccion,Norte,Construccion - Norte,114118993.29,31,0.020901,0.016071,0.539548,989558.54,0.008671,0.01223,0.034268,0.1426
2023-10-31,Construccion,Sur,Construccion - Sur,72010121.63,19,0.023523,0.015675,0.524621,592180.21,0.008224,0.015299,0.021623,0.2056
2023-10-31,Manufactura,Bajio,Manufactura - Bajio,191723003.34,65,0.016344,0.001361,0.400344,104454.3,0.000545,0.015799,0.057571,0.1784
2023-10-31,Manufactura,Centro,Manufactura - Centro,267025815.9,96,0.016784,0.00202,0.33781,182226.9,0.000682,0.016101,0.080183,0.1891
2023-10-31,Manufactura,Norte,Manufactura - Norte,207468953.59,69,0.017047,0.005028,0.4048,422241.27,0.002035,0.015012,0.062299,0.1884
2023-10-31,Manufactura,Sur,Manufactura - Sur,151096760.02,52,0.018118,0.005292,0.383267,306471.74,0.002028,0.016089,0.045372,0.1141
2023-10-31,Servicios,Bajio,Servicios - Bajio,142062215.13,165,0.015399,0.005357,0.365765,278365.25,0.001959,0.01344,0.042659,0.1386
2023-10-31,Servicios,Centro,Servicios - Centro,158187465.34,181,0.015771,0.004666,0.404771,298735.25,0.001888,0.013882,0.047501,0.219
2023-10-31,Servicios,Norte,Servicios - Norte,157714215.19,171,0.017112,0.006605,0.371598,387100.18,0.002454,0.014657,0.047359,0.1129
2023-10-31,Servicios,Sur,Servicios - Sur,77449993.34,76,0.01782,0.006319,0.373029,182560.81,0.002357,0.015463,0.023257,0.122
2023-10-31,Transporte,Bajio,Transporte - Bajio,124504918.5,75,0.01855,0.009207,0.501025,574349.55,0.004613,0.013937,0.037387,0.1471
2023-10-31,Transporte,Centro,Transporte - Centro,156077250.58,105,0.020323,0.00556,0.490516,425659.49,0.002727,0.017596,0.046867,0.1669
2023-10-31,Transporte,Norte,Transporte - Norte,126816165.33,78,0.020259,0.014388,0.480416,876609.49,0.006912,0.013347,0.038081,0.1629
2023-10-31,Transporte,Sur,Transporte - Sur,83437562.79,49,0.022795,0.010142,0.507213,429200.31,0.005144,0.017651,0.025055,0.1331
2023-11-30,Agroindustria,Bajio,Agroindustria - Bajio,95566014.33,42,0.019439,0.015461,0.459392,678792.99,0.007103,0.012336,0.028832,0.1461
2023-11-30,Agroindustria,Centro,Agroindustria - Centro,104021111.35,51,0.018238,0.009735,0.471063,476999.9,0.004586,0.013653,0.031382,0.148
2023-11-30,Agroindustria,Norte,Agroindustria - Norte,115326943.2,51,0.019795,0.019062,0.502923,1105634.72,0.009587,0.010208,0.034793,0.0963
2023-11-30,Agroindustria,Sur,Agroindustria - Sur,62706352.77,26,0.019142,0.014996,0.525603,494232.06,0.007882,0.011261,0.018918,0.1325
2023-11-30,Comercio,Bajio,Comercio - Bajio,163513621.83,118,0.017561,0.006003,0.446099,437842.8,0.002678,0.014883,0.049331,0.0986
2023-11-30,Comercio,Centro,Comercio - Centro,201360122.73,160,0.015635,0.004468,0.537427,483490.9,0.002401,0.013234,0.060749,0.1481
2023-11-30,Comercio,Norte,Comercio - Norte,186917246.24,163,0.017495,0.012175,0.402333,915560.5,0.004898,0.012597,0.056391,0.1952
2023-11-30,Comercio,Sur,Comercio - Sur,116383604.06,99,0.020651,0.021433,0.422068,1052830.13,0.009046,0.011605,0.035112,0.0872
2023-11-30,Construccion,Bajio,Construccion - Bajio,94195145.6,27,0.019369,0.015094,0.545985,776273.35,0.008241,0.011128,0.028418,0.0817
2023-11-30,Construccion,Centro,Construccion - Centro,154693501.44,42,0.020388,0.009832,0.535655,814669.88,0.005266,0.015121,0.04667,0.1817
2023-11-30,Construccion,Norte,Construccion - Norte,113158169.92,33,0.02025,0.008595,0.586819,570736.41,0.005044,0.015207,0.034139,0.1426
2023-11-30,Construccion,Sur,Construccion - Sur,71593399.79,22,0.022107,0.022254,0.502211,800151.98,0.011176,0.01093,0.021599,0.2056
2023-11-30,Manufactura,Bajio,Manufactura - Bajio,190348151.01,70,0.015336,0.00189,0.391022,140662.74,0.000739,0.014597,0.057427,0.1784
2023-11-30,Manufactura,Centro,Manufactura - Centro,266219968.7,84,0.017308,0.004251,0.366478,414740.53,0.001558,0.01575,0.080316,0.1891
2023-11-30,Manufactura,Norte,Manufactura - Norte,206683339.17,75,0.017065,0.004573,0.396441,374704.97,0.001813,0.015252,0.062355,0.1884
2023-11-30,Manufactura,Sur,Manufactura - Sur,150460311.01,58,0.018795,0.007145,0.42417,456021.79,0.003031,0.015764,0.045393,0.1141
2023-11-30,Servicios,Bajio,Servicios - Bajio,141826568.06,157,0.01466,0.007883,0.359845,402329.89,0.002837,0.011823,0.042788,0.1386
2023-11-30,Servicios,Centro,Servicios - Centro,157324315.64,159,0.015245,0.006328,0.403097,401311.62,0.002551,0.012695,0.047463,0.219
2023-11-30,Servicios,Norte,Servicios - Norte,157003874.39,173,0.016079,0.005118,0.434496,349108.87,0.002224,0.013855,0.047367,0.1129
2023-11-30,Servicios,Sur,Servicios - Sur,76778387.77,82,0.016835,0.005609,0.387699,166963.1,0.002175,0.01466,0.023163,0.122
2023-11-30,Transporte,Bajio,Transporte - Bajio,124130202.41,67,0.020205,0.005981,0.509018,377914.73,0.003045,0.017161,0.037449,0.1471
2023-11-30,Transporte,Centro,Transporte - Centro,155472291.96,97,0.019651,0.002859,0.466951,207593.09,0.001335,0.018316,0.046905,0.1669
2023-11-30,Transporte,Norte,Transporte - Norte,125881323.52,73,0.021443,0.019107,0.496182,1193435.22,0.009481,0.011962,0.037977,0.1629
2023-11-30,Transporte,Sur,Transporte - Sur,83074424.03,45,0.021078,0.009786,0.484994,394270.28,0.004746,0.016332,0.025063,0.1331
2023-12-31,Agroindustria,Bajio,Agroindustria - Bajio,95117060.81,44,0.018127,0.014668,0.492404,686974.56,0.007222,0.010905,0.028851,0.1461
2023-12-31,Agroindustria,Centro,Agroindustria - Centro,103120413.74,54,0.018492,0.003256,0.479099,160862.15,0.00156,0.016932,0.031279,0.148
2023-12-31,Agroindustria,Norte,Agroindustria - Norte,115178206.97,45,0.020285,0.019596,0.487361,1100004.89,0.00955,0.010734,0.034936,0.0963
2023-12-31,Agroindustria,Sur,Agroindustria - Sur,62611338.62,27,0.020168,0.012151,0.465684,354293.1,0.005659,0.01451,0.018992,0.1325
2023-12-31,Comercio,Bajio,Comercio - Bajio,162644001.35,133,0.01835,0.005976,0.468573,455405.11,0.0028,0.01555,0.049334,0.0986
2023-12-31,Comercio,Centro,Comercio - Centro,200075303.43,171,0.017893,0.001577,0.39669,125137.12,0.000625,0.017267,0.060688,0.1481
2023-12-31,Comercio,Norte,Comercio - Norte,185971467.25,163,0.018651,0.014182,0.446286,1177072.01,0.006329,0.012321,0.05641,0.1952
2023-12-31,Comercio,Sur,Comercio - Sur,115692816.24,84,0.018954,0.017896,0.420026,869613.3,0.007517,0.011437,0.035093,0.0872
2023-12-31,Construccion,Bajio,Construccion - Bajio,93500274.0,28,0.020317,0.016024,0.534951,801480.98,0.008572,0.011745,0.028361,0.0817
2023-12-31,Construccion,Centro,Construccion - Centro,154604705.58,43,0.021249,0.006916,0.548535,586516.52,0.003794,0.017455,0.046896,0.1817
2023-12-31,Construccion,Norte,Construccion - Norte,111982934.37,29,0.019988,0.007959,0.524494,467482.33,0.004175,0.015813,0.033967,0.1426
2023-12-31,Construccion,Sur,Construccion - Sur,71101609.57,23,0.022617,0.026491,0.551326,1038437.19,0.014605,0.008012,0.021567,0.2056
2023-12-31,Manufactura,Bajio,Manufactura - Bajio,188761509.49,69,0.016197,0.003833,0.369548,267359.91,0.001416,0.014781,0.057256,0.1784
2023-12-31,Manufactura,Centro,Manufactura - Centro,265660877.75,92,0.016654,0.006505,0.38624,667454.59,0.002512,0.014142,0.080582,0.1891
2023-12-31,Manufactura,Norte,Manufactura - Norte,204622713.31,71,0.016356,0.00278,0.408575,232444.27,0.001136,0.01522,0.062067,0.1884
2023-12-31,Manufactura,Sur,Manufactura - Sur,150289361.52,50,0.017947,0.009816,0.420322,620091.14,0.004126,0.013821,0.045587,0.1141
2023-12-31,Servicios,Bajio,Servicios - Bajio,141164932.25,154,0.015282,0.006978,0.370526,365009.14,0.002586,0.012697,0.042819,0.1386
2023-12-31,Servicios,Centro,Servicios - Centro,156380249.46,177,0.015754,0.003961,0.409032,253341.54,0.00162,0.014134,0.047434,0.219
2023-12-31,Servicios,Norte,Servicios - Norte,156663536.43,159,0.015299,0.005184,0.353563,287151.16,0.001833,0.013466,0.04752,0.1129
2023-12-31,Servicios,Sur,Servicios - Sur,75795205.87,84,0.015688,0.005895,0.385328,172168.64,0.002271,0.013416,0.022991,0.122
2023-12-31,Transporte,Bajio,Transporte - Bajio,123860563.71,83,0.019986,0.006011,0.516616,384613.53,0.003105,0.016881,0.03757,0.1471
2023-12-31,Transporte,Centro,Transporte - Centro,154771678.67,105,0.019668,0.005185,0.519975,417305.45,0.002696,0.016972,0.046946,0.1669
2023-12-31,Transporte,Norte,Transporte - Norte,124709999.13,82,0.019692,0.015134,0.494857,933991.95,0.007489,0.012203,0.037828,0.1629
2023-12-31,Transporte,Sur,Transporte - Sur,82510256.59,50,0.022515,0.005862,0.455358,220239.57,0.002669,0.019846,0.025027,0.1331
2024-01-31,Agroindustria,Bajio,Agroindustria - Bajio,95009015.69,41,0.01999,0.011037,0.475869,499006.06,0.005252,0.014738,0.028977,0.1461
2024-01-31,Agroindustria,Centro,Agroindustria - Centro,102384355.65,52,0.019125,0.001555,0.506815,80698.74,0.000788,0.018337,0.031227,0.148
2024-01-31,Agroindustria,Norte,Agroindustria - Norte,115138252.28,53,0.021293,0.022133,0.498332,1269952.45,0.01103,0.010263,0.035117,0.0963
2024-01-31,Agroindustria,Sur,Agroindustria - Sur,62503628.2,29,0.019708,0.013928,0.511516,445300.09,0.007124,0.012584,0.019063,0.1325
2024-01-31,Comercio,Bajio,Comercio - Bajio,162013801.84,137,0.015761,0.008408,0.415173,565543.17,0.003491,0.01227,0.049413,0.0986
2024-01-31,Comercio,Centro,Comercio - Centro,198676150.18,148,0.017929,0.002747,0.45972,250872.03,0.001263,0.016666,0.060595,0.1481
2024-01-31,Comercio,Norte,Comercio - Norte,185040445.34,151,0.018868,0.008698,0.472261,760067.55,0.004108,0.01476,0.056436,0.1952
2024-01-31,Comercio,Sur,Comercio - Sur,114863664.72,86,0.017987,0.014957,0.451104,774986.86,0.006747,0.01124,0.035033,0.0872
2024-01-31,Construccion,Bajio,Construccion - Bajio,92843502.06,26,0.018906,0.014857,0.554129,764337.61,0.008233,0.010673,0.028317,0.0817
2024-01-31,Construccion,Centro,Construccion - Centro,154104638.58,49,0.021721,0.006443,0.607414,603107.89,0.003914,0.017808,0.047001,0.1817
2024-01-31,Construccion,Norte,Construccion - Norte,110980009.47,33,0.021485,0.008606,0.559395,534304.94,0.004814,0.016671,0.033848,0.1426
2024-01-31,Construccion,Sur,Construccion - Sur,70436069.85,20,0.022958,0.027325,0.561802,1081286.75,0.015351,0.007606,0.021483,0.2056
2024-01-31,Manufactura,Bajio,Manufactura - Bajio,187663426.77,65,0.017005,0.00275,0.461463,238175.46,0.001269,0.015736,0.057236,0.1784
2024-01-31,Manufactura,Centro,Manufactura - Centro,264859663.82,106,0.017763,0.006325,0.391204,655402.89,0.002475,0.015288,0.080781,0.1891
2024-01-31,Manufactura,Norte,Manufactura - Norte,202766878.38,63,0.017789,0.004123,0.43918,367189.56,0.001811,0.015978,0.061843,0.1884
2024-01-31,Manufactura,Sur,Manufactura - Sur,149866124.52,58,0.017334,0.012654,0.371356,704223.78,0.004699,0.012635,0.045708,0.1141
2024-01-31,Servicios,Bajio,Servicios - Bajio,140601536.82,138,0.014094,0.006133,0.415354,358155.59,0.002547,0.011547,0.042883,0.1386
2024-01-31,Servicios,Centro,Servicios - Centro,154670190.61,192,0.016662,0.004341,0.397301,266764.61,0.001725,0.014937,0.047174,0.219
2024-01-31,Servicios,Norte,Servicios - Norte,156136275.52,190,0.017176,0.004831,0.386523,291546.35,0.001867,0.015309,0.047621,0.1129
2024-01-31,Servicios,Sur,Servicios - Sur,74908196.37,82,0.017699,0.006736,0.396179,199907.98,0.002669,0.01503,0.022847,0.122
2024-01-31,Transporte,Bajio,Transporte - Bajio,123226369.12,69,0.018373,0.007347,0.496008,449048.38,0.003644,0.014729,0.037583,0.1471
2024-01-31,Transporte,Centro,Transporte - Centro,154470035.73,90,0.018279,0.002969,0.500375,229469.7,0.001486,0.016794,0.047113,0.1669
2024-01-31,Transporte,Norte,Transporte - Norte,123368385.94,85,0.020697,0.014963,0.461278,851474.37,0.006902,0.013795,0.037627,0.1629
2024-01-31,Transporte,Sur,Transporte - Sur,82214485.63,46,0.020565,0.008303,0.532568,363537.5,0.004422,0.016143,0.025075,0.1331
2024-02-29,Agroindustria,Bajio,Agroindustria - Bajio,94788932.51,46,0.018256,0.012245,0.422174,490019.88,0.00517,0.013087,0.029049,0.1461
2024-02-29,Agroindustria,Centro,Agroindustria - Centro,101880018.48,43,0.016896,0.002913,0.460114,136552.21,0.00134,0.015556,0.031223,0.148
2024-02-29,Agroindustria,Norte,Agroindustria - Norte,115012835.49,57,0.020614,0.024984,0.42481,1220702.52,0.010614,0.01,0.035247,0.0963
2024-02-29,Agroindustria,Sur,Agroindustria - Sur,62493290.55,31,0.019793,0.013447,0.476305,400256.24,0.006405,0.013389,0.019152,0.1325
2024-02-29,Comercio,Bajio,Comercio - Bajio,161075348.04,120,0.01571,0.009158,0.450971,665259.13,0.00413,0.01158,0.049364,0.0986
2024-02-29,Comercio,Centro,Comercio - Centro,197468983.7,188,0.017782,0.00319,0.427194,269087.97,0.001363,0.016419,0.060517,0.1481
2024-02-29,Comercio,Norte,Comercio - Norte,184590593.98,141,0.017822,0.00437,0.39366,317578.46,0.00172,0.016101,0.05657,0.1952
2024-02-29,Comercio,Sur,Comercio - Sur,114569715.7,83,0.021263,0.011788,0.45519,614752.57,0.005366,0.015897,0.035112,0.0872
2024-02-29,Construccion,Bajio,Construccion - Bajio,92323961.61,29,0.018416,0.014306,0.607709,802648.47,0.008694,0.009723,0.028294,0.0817
2024-02-29,Construccion,Centro,Construccion - Centro,153927370.02,46,0.02234,0.0005,0.54168,41689.68,0.000271,0.022069,0.047173,0.1817
2024-02-29,Construccion,Norte,Construccion - Norte,110083760.51,34,0.021023,0.006756,0.552039,410580.1,0.00373,0.017293,0.033737,0.1426
2024-02-29,Construccion,Sur,Construccion - Sur,70007365.57,17,0.023059,0.027042,0.507092,960009.81,0.013713,0.009346,0.021455,0.2056
2024-02-29,Manufactura,Bajio,Manufactura - Bajio,186654261.33,69,0.015769,0.001918,0.453555,162414.89,0.00087,0.014899,0.057203,0.1784
2024-02-29,Manufactura,Centro,Manufactura - Centro,264309296.98,98,0.017425,0.008307,0.458117,1005847.15,0.003806,0.01362,0.081001,0.1891
2024-02-29,Manufactura,Norte,Manufactura - Norte,200512054.51,69,0.016936,0.004043,0.406581,329618.52,0.001644,0.015292,0.06145,0.1884
2024-02-29,Manufactura,Sur,Manufactura - Sur,149415905.49,53,0.017977,0.014202,0.429217,910817.62,0.006096,0.011881,0.045791,0.1141
2024-02-29,Servicios,Bajio,Servicios - Bajio,140340640.08,157,0.016353,0.006021,0.385977,326170.87,0.002324,0.014029,0.043009,0.1386
2024-02-29,Servicios,Centro,Servicios - Centro,153600346.37,179,0.015842,0.003708,0.37267,212267.34,0.001382,0.01446,0.047073,0.219
2024-02-29,Servicios,Norte,Servicios - Norte,155585500.5,157,0.017587,0.003681,0.378925,217021.9,0.001395,0.016193,0.047681,0.1129
2024-02-29,Servicios,Sur,Servicios - Sur,73788389.81,72,0.016574,0.009718,0.352489,252771.12,0.003426,0.013148,0.022614,0.122
2024-02-29,Transporte,Bajio,Transporte - Bajio,122932488.58,71,0.018342,0.004914,0.496397,299885.68,0.002439,0.015902,0.037674,0.1471
2024-02-29,Transporte,Centro,Transporte - Centro,153551544.04,99,0.018401,0.005052,0.526651,408567.77,0.002661,0.01574,0.047058,0.1669
2024-02-29,Transporte,Norte,Transporte - Norte,122413929.44,83,0.020884,0.012197,0.492092,734707.63,0.006002,0.014882,0.037516,0.1629
2024-02-29,Transporte,Sur,Transporte - Sur,81693847.22,49,0.021472,0.010984,0.46077,413456.85,0.005061,0.016411,0.025036,0.1331
2024-03-31,Agroindustria,Bajio,Agroindustria - Bajio,94919774.0,42,0.018296,0.012087,0.436333,500610.43,0.005274,0.013022,0.029207,0.1461
2024-03-31,Agroindustria,Centro,Agroindustria - Centro,101336239.95,48,0.018962,0.00609,0.476213,293901.36,0.0029,0.016061,0.031181,0.148
2024-03-31,Agroindustria,Norte,Agroindustria - Norte,114676314.25,55,0.020811,0.025481,0.435493,1272518.99,0.011097,0.009714,0.035286,0.0963
2024-03-31,Agroindustria,Sur,Agroindustria - Sur,62323450.75,28,0.021028,0.014697,0.498347,456455.74,0.007324,0.013704,0.019177,0.1325
2024-03-31,Comercio,Bajio,Comercio - Bajio,160860894.62,127,0.01766,0.006171,0.45442,451066.14,0.002804,0.014856,0.049497,0.0986
2024-03-31,Comercio,Centro,Comercio - Centro,196066858.77,183,0.019089,0.00483,0.467322,442533.85,0.002257,0.016832,0.06033,0.1481
2024-03-31,Comercio,Norte,Comercio - Norte,184221184.67,164,0.018616,0.006698,0.417757,515509.37,0.002798,0.015818,0.056685,0.1952
2024-03-31,Comercio,Sur,Comercio - Sur,114282160.38,102,0.020028,0.014168,0.394311,638469.54,0.005587,0.014442,0.035165,0.0872
2024-03-31,Construccion,Bajio,Construccion - Bajio,91549544.36,27,0.021273,0.017052,0.540282,843445.24,0.009213,0.01206,0.02817,0.0817
2024-03-31,Construccion,Centro,Construccion - Centro,153929402.57,47,0.020375,0.000621,0.587165,56116.43,0.000365,0.020011,0.047364,0.1817
2024-03-31,Construccion,Norte,Construccion - Norte,109117124.31,28,0.022931,0.010374,0.503299,569697.62,0.005221,0.01771,0.033575,0.1426
2024-03-31,Construccion,Sur,Construccion - Sur,69831884.25,19,0.023362,0.024983,0.573314,1000208.21,0.014323,0.009039,0.021487,0.2056
2024-03-31,Manufactura,Bajio,Manufactura - Bajio,186145061.7,75,0.014623,0.003195,0.434081,258142.7,0.001387,0.013237,0.057277,0.1784
2024-03-31,Manufactura,Centro,Manufactura - Centro,263348982.99,85,0.017434,0.008099,0.43318,923927.45,0.003508,0.013925,0.081033,0.1891
2024-03-31,Manufactura,Norte,Manufactura - Norte,198817570.47,72,0.017373,0.002196,0.387672,169244.16,0.000851,0.016521,0.061176,0.1884
2024-03-31,Manufactura,Sur,Manufactura - Sur,149239191.48,57,0.014964,0.012954,0.420957,813838.57,0.005453,0.009511,0.045921,0.1141
2024-03-31,Servicios,Bajio,Servicios - Bajio,140430408.63,137,0.014788,0.006904,0.454154,440308.89,0.003135,0.011653,0.04321,0.1386
2024-03-31,Servicios,Centro,Servicios - Centro,152798136.85,168,0.014075,0.003439,0.375087,197075.45,0.00129,0.012786,0.047016,0.219
2024-03-31,Servicios,Norte,Servicios - Norte,155140040.37,184,0.016632,0.002674,0.376991,156394.13,0.001008,0.015624,0.047737,0.1129
2024-03-31,Servicios,Sur,Servicios - Sur,72978483.71,73,0.017191,0.01057,0.381948,294621.69,0.004037,0.013153,0.022455,0.122
2024-03-31,Transporte,Bajio,Transporte - Bajio,122405808.11,83,0.01842,0.003127,0.541395,207231.58,0.001693,0.016727,0.037664,0.1471
2024-03-31,Transporte,Centro,Transporte - Centro,153046374.34,106,0.02148,0.002364,0.523702,189510.29,0.001238,0.020242,0.047092,0.1669
2024-03-31,Transporte,Norte,Transporte - Norte,121206536.15,79,0.020417,0.010506,0.540091,687718.79,0.005674,0.014743,0.037295,0.1629
2024-03-31,Transporte,Sur,Transporte - Sur,81245562.74,55,0.021163,0.019465,0.523908,828517.8,0.010198,0.010965,0.024999,0.1331
2024-04-30,Agroindustria,Bajio,Agroindustria - Bajio,95057739.4,42,0.018913,0.01746,0.445582,739518.4,0.00778,0.011134,0.029334,0.1461
2024-04-30,Agroindustria,Centro,Agroindustria - Centro,100290023.13,39,0.018285,0.001823,0.480309,87835.1,0.000876,0.017409,0.030948,0.148
2024-04-30,Agroindustria,Norte,Agroindustria - Norte,115031840.73,48,0.021294,0.023144,0.499896,1330900.0,0.01157,0.009725,0.035497,0.0963
2024-04-30,Agroindustria,Sur,Agroindustria - Sur,62090879.69,26,0.021825,0.01293,0.50013,401537.0,0.006467,0.015358,0.01916,0.1325
2024-04-30,Comercio,Bajio,Comercio - Bajio,160227715.18,153,0.017408,0.007788,0.435905,543924.47,0.003395,0.014013,0.049444,0.0986
2024-04-30,Comercio,Centro,Comercio - Centro,195181236.61,183,0.019185,0.005426,0.451397,478069.8,0.002449,0.016736,0.06023,0.1481
2024-04-30,Comercio,Norte,Comercio - Norte,182686336.78,137,0.019125,0.007105,0.476296,618262.66,0.003384,0.015741,0.056375,0.1952
2024-04-30,Comercio,Sur,Comercio - Sur,113911065.06,89,0.018175,0.012679,0.444591,642132.55,0.005637,0.012538,0.035151,0.0872
2024-04-30,Construccion,Bajio,Construccion - Bajio,91188806.88,22,0.019665,0.01847,0.558751,941057.44,0.01032,0.009345,0.02814,0.0817
2024-04-30,Construccion,Centro,Construccion - Centro,154002434.09,45,0.021802,0.001925,0.551171,163385.53,0.001061,0.020741,0.047523,0.1817
2024-04-30,Construccion,Norte,Construccion - Norte,108499069.8,27,0.022033,0.013181,0.510429,729973.55,0.006728,0.015305,0.033481,0.1426
2024-04-30,Construccion,Sur,Construccion - Sur,69678912.77,18,0.022139,0.018657,0.568033,738448.67,0.010598,0.011541,0.021502,0.2056
2024-04-30,Manufactura,Bajio,Manufactura - Bajio,185825817.71,66,0.01599,0.003226,0.372374,223261.04,0.001201,0.014788,0.057343,0.1784
2024-04-30,Manufactura,Centro,Manufactura - Centro,263465627.67,90,0.017151,0.006528,0.371137,638335.75,0.002423,0.014729,0.081302,0.1891
2024-04-30,Manufactura,Norte,Manufactura - Norte,197794312.11,62,0.017801,0.001274,0.433189,109179.44,0.000552,0.017249,0.061037,0.1884
2024-04-30,Manufactura,Sur,Manufactura - Sur,149440838.5,53,0.017983,0.012726,0.403058,766537.63,0.005129,0.012854,0.046115,0.1141
2024-04-30,Servicios,Bajio,Servicios - Bajio,140787898.62,141,0.01683,0.005906,0.385115,320206.73,0.002274,0.014556,0.043445,0.1386
2024-04-30,Servicios,Centro,Servicios - Centro,151686368.76,160,0.015775,0.002542,0.367173,141566.23,0.000933,0.014842,0.046808,0.219
2024-04-30,Servicios,Norte,Servicios - Norte,154803468.65,185,0.015015,0.003314,0.37657,193168.0,0.001248,0.013767,0.04777,0.1129
2024-04-30,Servicios,Sur,Servicios - Sur,72438776.7,89,0.016377,0.011348,0.39261,322747.09,0.004455,0.011922,0.022354,0.122
2024-04-30,Transporte,Bajio,Transporte - Bajio,122079009.2,77,0.019784,0.00391,0.536286,255989.4,0.002097,0.017687,0.037672,0.1471
2024-04-30,Transporte,Centro,Transporte - Centro,152750447.4,90,0.019278,0.004475,0.457347,312610.37,0.002047,0.017232,0.047137,0.1669
2024-04-30,Transporte,Norte,Transporte - Norte,120595009.95,76,0.020988,0.010368,0.50712,634044.93,0.005258,0.01573,0.037214,0.1629
2024-04-30,Transporte,Sur,Transporte - Sur,81068597.12,47,0.019414,0.016473,0.478969,639631.82,0.00789,0.011524,0.025017,0.1331
2024-05-31,Agroindustria,Bajio,Agroindustria - Bajio,95432100.43,45,0.015889,0.01947,0.453511,842630.28,0.00883,0.007059,0.029462,0.1461
2024-05-31,Agroindustria,Centro,Agroindustria - Centro,99996239.12,52,0.017383,0.002097,0.505938,106092.65,0.001061,0.016322,0.030871,0.148
2024-05-31,Agroindustria,Norte,Agroindustria - Norte,115427705.4,56,0.020427,0.020583,0.39664,942363.43,0.008164,0.012263,0.035635,0.0963
2024-05-31,Agroindustria,Sur,Agroindustria - Sur,62056717.83,32,0.021415,0.009164,0.466427,265237.93,0.004274,0.01714,0.019158,0.1325
2024-05-31,Comercio,Bajio,Comercio - Bajio,160138972.8,114,0.017527,0.005638,0.463064,418098.82,0.002611,0.014916,0.049439,0.0986
2024-05-31,Comercio,Centro,Comercio - Centro,194057608.28,154,0.018006,0.002692,0.472856,246990.18,0.001273,0.016733,0.05991,0.1481
2024-05-31,Comercio,Norte,Comercio - Norte,182341075.16,172,0.01922,0.007857,0.458103,656339.21,0.0036,0.015621,0.056293,0.1952
2024-05-31,Comercio,Sur,Comercio - Sur,113526700.13,101,0.019178,0.012741,0.450422,651528.65,0.005739,0.013439,0.035049,0.0872
2024-05-31,Construccion,Bajio,Construccion - Bajio,91081175.02,27,0.021386,0.021344,0.609842,1185555.18,0.013016,0.00837,0.028119,0.0817
2024-05-31,Construccion,Centro,Construccion - Centro,154789456.95,51,0.021411,0.006267,0.562463,545586.0,0.003525,0.017887,0.047787,0.1817
2024-05-31,Construccion,Norte,Construccion - Norte,107797524.92,30,0.022,0.012909,0.550357,765844.71,0.007104,0.014896,0.03328,0.1426
2024-05-31,Construccion,Sur,Construccion - Sur,69568492.44,22,0.021257,0.017356,0.533555,644212.62,0.00926,0.011997,0.021478,0.2056
2024-05-31,Manufactura,Bajio,Manufactura - Bajio,185386424.24,60,0.015252,0.004427,0.425651,349302.26,0.001884,0.013367,0.057233,0.1784
2024-05-31,Manufactura,Centro,Manufactura - Centro,264344916.38,86,0.018613,0.005557,0.410431,602945.21,0.002281,0.016332,0.08161,0.1891
2024-05-31,Manufactura,Norte,Manufactura - Norte,197511579.01,78,0.017787,0.002385,0.412863,194473.64,0.000985,0.016803,0.060977,0.1884
2024-05-31,Manufactura,Sur,Manufactura - Sur,149714026.16,51,0.014328,0.013278,0.37713,749670.42,0.005007,0.009321,0.04622,0.1141
2024-05-31,Servicios,Bajio,Servicios - Bajio,141160270.23,140,0.015268,0.004985,0.371298,261278.99,0.001851,0.013417,0.04358,0.1386
2024-05-31,Servicios,Centro,Servicios - Centro,151179517.2,147,0.016377,0.002699,0.459042,187276.59,0.001239,0.015139,0.046673,0.219
2024-05-31,Servicios,Norte,Servicios - Norte,155051759.67,176,0.017179,0.004711,0.383213,279936.43,0.001805,0.015374,0.047868,0.1129
2024-05-31,Servicios,Sur,Servicios - Sur,72121571.52,80,0.018315,0.015179,0.40477,443109.81,0.006144,0.012171,0.022266,0.122
2024-05-31,Transporte,Bajio,Transporte - Bajio,121879089.91,65,0.018088,0.006055,0.514322,379564.53,0.003114,0.014974,0.037627,0.1471
2024-05-31,Transporte,Centro,Transporte - Centro,152549446.6,95,0.018655,0.00411,0.456973,286492.42,0.001878,0.016777,0.047096,0.1669
2024-05-31,Transporte,Norte,Transporte - Norte,120767142.04,65,0.020336,0.0139,0.459618,771537.16,0.006389,0.013948,0.037284,0.1629
2024-05-31,Transporte,Sur,Transporte - Sur,81249087.92,52,0.022753,0.015098,0.548047,672299.75,0.008275,0.014478,0.025084,0.1331
2024-06-30,Agroindustria,Bajio,Agroindustria - Bajio,95620381.0,38,0.018502,0.019499,0.492433,918149.52,0.009602,0.0089,0.029507,0.1461
2024-06-30,Agroindustria,Centro,Agroindustria - Centro,100331987.64,42,0.016412,0.005807,0.477005,277901.36,0.00277,0.013642,0.030961,0.148
2024-06-30,Agroindustria,Norte,Agroindustria - Norte,115908413.84,56,0.019792,0.020289,0.516739,1215188.0,0.010484,0.009308,0.035768,0.0963
2024-06-30,Agroindustria,Sur,Agroindustria - Sur,62184852.46,25,0.019788,0.014794,0.512757,471724.89,0.007586,0.012202,0.019189,0.1325
2024-06-30,Comercio,Bajio,Comercio - Bajio,160265744.99,132,0.016995,0.008868,0.426587,606268.48,0.003783,0.013212,0.049456,0.0986
2024-06-30,Comercio,Centro,Comercio - Centro,194006964.8,146,0.016252,0.000798,0.485265,75083.92,0.000387,0.015865,0.059868,0.1481
2024-06-30,Comercio,Norte,Comercio - Norte,182399758.49,138,0.020136,0.005126,0.462359,432309.63,0.00237,0.017766,0.056286,0.1952
2024-06-30,Comercio,Sur,Comercio - Sur,113532013.51,82,0.020669,0.012279,0.443546,618312.86,0.005446,0.015223,0.035034,0.0872
2024-06-30,Construccion,Bajio,Construccion - Bajio,90596187.74,27,0.021643,0.014248,0.5335,688631.78,0.007601,0.014042,0.027957,0.0817
2024-06-30,Construccion,Centro,Construccion - Centro,155580474.01,41,0.019395,0.001146,0.552099,98442.83,0.000633,0.018762,0.04801,0.1817
2024-06-30,Construccion,Norte,Construccion - Norte,107536212.34,33,0.020857,0.011989,0.609436,785736.53,0.007307,0.01355,0.033184,0.1426
2024-06-30,Construccion,Sur,Construccion - Sur,69458447.84,17,0.024623,0.017488,0.544824,661778.68,0.009528,0.015096,0.021434,0.2056
2024-06-30,Manufactura,Bajio,Manufactura - Bajio,184913223.23,64,0.015669,0.004554,0.419189,353011.17,0.001909,0.01376,0.057061,0.1784
2024-06-30,Manufactura,Centro,Manufactura - Centro,264484288.16,81,0.01649,0.003403,0.387788,349017.11,0.00132,0.01517,0.081616,0.1891
2024-06-30,Manufactura,Norte,Manufactura - Norte,196849261.69,61,0.017957,0.004076,0.446073,357950.17,0.001818,0.016138,0.060745,0.1884
2024-06-30,Manufactura,Sur,Manufactura - Sur,150032989.24,49,0.016071,0.012584,0.374224,706540.19,0.004709,0.011361,0.046298,0.1141
2024-06-30,Servicios,Bajio,Servicios - Bajio,141658840.74,179,0.01604,0.006102,0.380124,328560.05,0.002319,0.013721,0.043714,0.1386
2024-06-30,Servicios,Centro,Servicios - Centro,150951165.42,155,0.01525,0.005345,0.396677,320075.3,0.00212,0.01313,0.046581,0.219
2024-06-30,Servicios,Norte,Servicios - Norte,155053605.99,191,0.015277,0.004563,0.405439,286855.44,0.00185,0.013427,0.047847,0.1129
2024-06-30,Servicios,Sur,Servicios - Sur,71717020.2,69,0.016167,0.014576,0.355828,371962.43,0.005187,0.01098,0.022131,0.122
2024-06-30,Transporte,Bajio,Transporte - Bajio,122154381.85,65,0.019357,0.009259,0.551573,623850.61,0.005107,0.01425,0.037695,0.1471
2024-06-30,Transporte,Centro,Transporte - Centro,152925090.02,109,0.020795,0.009011,0.477334,657802.6,0.004301,0.016493,0.04719,0.1669
2024-06-30,Transporte,Norte,Transporte - Norte,120873937.53,81,0.019983,0.018087,0.453325,991106.35,0.0082,0.011783,0.0373,0.1629
2024-06-30,Transporte,Sur,Transporte - Sur,81562113.6,57,0.021054,0.012914,0.522487,550310.46,0.006747,0.014307,0.025169,0.1331
2024-07-31,Agroindustria,Bajio,Agroindustria - Bajio,96081453.04,46,0.018216,0.018485,0.486568,864173.52,0.008994,0.009222,0.029556,0.1461
2024-07-31,Agroindustria,Centro,Agroindustria - Centro,100483830.97,48,0.018221,0.002807,0.534249,150692.12,0.0015,0.016721,0.030911,0.148
2024-07-31,Agroindustria,Norte,Agroindustria - Norte,116465130.2,49,0.020831,0.022646,0.4253,1121727.37,0.009631,0.011199,0.035827,0.0963
2024-07-31,Agroindustria,Sur,Agroindustria - Sur,62318236.16,32,0.020362,0.019015,0.45723,541807.56,0.008694,0.011668,0.01917,0.1325
2024-07-31,Comercio,Bajio,Comercio - Bajio,160937227.71,148,0.017961,0.010826,0.465295,810719.04,0.005037,0.012923,0.049507,0.0986
2024-07-31,Comercio,Centro,Comercio - Centro,194494609.75,148,0.018747,0.002094,0.455773,185632.96,0.000954,0.017792,0.05983,0.1481
2024-07-31,Comercio,Norte,Comercio - Norte,182278311.09,134,0.019868,0.00559,0.505785,515368.19,0.002827,0.01704,0.056072,0.1952
2024-07-31,Comercio,Sur,Comercio - Sur,113905929.06,105,0.019611,0.014032,0.425598,680241.24,0.005972,0.013639,0.035039,0.0872
2024-07-31,Construccion,Bajio,Construccion - Bajio,90742175.53,29,0.019901,0.014607,0.60444,801150.87,0.008829,0.011072,0.027914,0.0817
2024-07-31,Construccion,Centro,Construccion - Centro,156855281.41,42,0.023163,0.0067,0.575436,604763.25,0.003856,0.019308,0.048251,0.1817
2024-07-31,Construccion,Norte,Construccion - Norte,107992396.64,32,0.02154,0.011698,0.567378,716750.3,0.006637,0.014903,0.03322,0.1426
2024-07-31,Construccion,Sur,Construccion - Sur,69652592.45,23,0.025597,0.018099,0.491506,619626.0,0.008896,0.016701,0.021426,0.2056
2024-07-31,Manufactura,Bajio,Manufactura - Bajio,185156576.58,64,0.015899,0.005628,0.413276,430682.57,0.002326,0.013573,0.056957,0.1784
2024-07-31,Manufactura,Centro,Manufactura - Centro,265160822.56,107,0.014991,0.00246,0.391469,255383.54,0.000963,0.014028,0.081568,0.1891
2024-07-31,Manufactura,Norte,Manufactura - Norte,196659014.87,79,0.017302,0.007165,0.405497,571396.9,0.002906,0.014397,0.060496,0.1884
2024-07-31,Manufactura,Sur,Manufactura - Sur,151094767.03,49,0.018094,0.012012,0.38387,696692.16,0.004611,0.013483,0.046479,0.1141
2024-07-31,Servicios,Bajio,Servicios - Bajio,142523855.87,148,0.015202,0.006287,0.387695,347412.46,0.002438,0.012765,0.043843,0.1386
2024-07-31,Servicios,Centro,Servicios - Centro,151666222.65,144,0.016224,0.003713,0.366086,206158.22,0.001359,0.014865,0.046655,0.219
2024-07-31,Servicios,Norte,Servicios - Norte,155140666.54,162,0.016852,0.004674,0.421332,305542.89,0.001969,0.014882,0.047724,0.1129
2024-07-31,Servicios,Sur,Servicios - Sur,71787947.75,68,0.016625,0.014017,0.369645,371942.99,0.005181,0.011444,0.022083,0.122
2024-07-31,Transporte,Bajio,Transporte - Bajio,122843417.09,77,0.019644,0.010858,0.488407,651434.34,0.005303,0.014341,0.037789,0.1471
2024-07-31,Transporte,Centro,Transporte - Centro,153614253.83,105,0.019676,0.0102,0.468312,733779.0,0.004777,0.014899,0.047254,0.1669
2024-07-31,Transporte,Norte,Transporte - Norte,121090410.36,77,0.022283,0.018113,0.549943,1206171.82,0.009961,0.012322,0.03725,0.1629
2024-07-31,Transporte,Sur,Transporte - Sur,81844563.16,52,0.021918,0.013656,0.469759,525052.3,0.006415,0.015503,0.025177,0.1331
2024-08-31,Agroindustria,Bajio,Agroindustria - Bajio,96569055.59,44,0.019629,0.017431,0.511958,861755.42,0.008924,0.010705,0.029558,0.1461
2024-08-31,Agroindustria,Centro,Agroindustria - Centro,100481721.96,50,0.019645,0.004459,0.475304,212956.66,0.002119,0.017525,0.030756,0.148
2024-08-31,Agroindustria,Norte,Agroindustria - Norte,117119958.2,55,0.020931,0.021704,0.5053,1284487.51,0.010967,0.009963,0.035849,0.0963
2024-08-31,Agroindustria,Sur,Agroindustria - Sur,62865179.91,31,0.019369,0.020614,0.503338,652278.64,0.010376,0.008993,0.019242,0.1325
2024-08-31,Comercio,Bajio,Comercio - Bajio,161678333.48,128,0.018283,0.011004,0.466556,830090.63,0.005134,0.013149,0.049487,0.0986
2024-08-31,Comercio,Centro,Comercio - Centro,195122439.2,143,0.018694,0.005445,0.483962,514157.3,0.002635,0.016059,0.059724,0.1481
2024-08-31,Comercio,Norte,Comercio - Norte,183151557.06,153,0.017739,0.010317,0.464057,876831.8,0.004787,0.012952,0.05606,0.1952
2024-08-31,Comercio,Sur,Comercio - Sur,114753870.07,105,0.019319,0.011261,0.433814,560588.87,0.004885,0.014434,0.035124,0.0872
2024-08-31,Construccion,Bajio,Construccion - Bajio,91150943.55,25,0.02116,0.016203,0.55016,812523.52,0.008914,0.012246,0.0279,0.0817
2024-08-31,Construccion,Centro,Construccion - Centro,158112091.87,40,0.019666,0.010312,0.529434,863228.57,0.00546,0.014207,0.048396,0.1817
2024-08-31,Construccion,Norte,Construccion - Norte,108501033.01,33,0.022042,0.011472,0.498231,620162.89,0.005716,0.016327,0.03321,0.1426
2024-08-31,Construccion,Sur,Construccion - Sur,70089173.21,21,0.023222,0.019556,0.540032,740189.65,0.010561,0.012662,0.021453,0.2056
2024-08-31,Manufactura,Bajio,Manufactura - Bajio,185966291.05,59,0.014593,0.004197,0.43749,341437.0,0.001836,0.012757,0.056921,0.1784
2024-08-31,Manufactura,Centro,Manufactura - Centro,267363208.95,94,0.018011,0.002454,0.40556,266115.43,0.000995,0.017015,0.081836,0.1891
2024-08-31,Manufactura,Norte,Manufactura - Norte,196279878.46,62,0.017024,0.011098,0.363266,791292.07,0.004031,0.012993,0.060078,0.1884
2024-08-31,Manufactura,Sur,Manufactura - Sur,152506769.4,59,0.018098,0.012773,0.416278,810881.34,0.005317,0.012781,0.04668,0.1141
2024-08-31,Servicios,Bajio,Servicios - Bajio,143297988.48,152,0.015201,0.003719,0.393058,209466.46,0.001462,0.01374,0.043861,0.1386
2024-08-31,Servicios,Centro,Servicios - Centro,152730480.54,194,0.01495,0.002444,0.393965,147060.46,0.000963,0.013987,0.046748,0.219
2024-08-31,Servicios,Norte,Servicios - Norte,156131144.85,193,0.015873,0.005364,0.379932,318187.14,0.002038,0.013835,0.047789,0.1129
2024-08-31,Servicios,Sur,Servicios - Sur,71601724.55,79,0.017025,0.01387,0.298885,296828.99,0.004146,0.012879,0.021916,0.122
2024-08-31,Transporte,Bajio,Transporte - Bajio,123465309.56,73,0.01883,0.010896,0.548689,738162.0,0.005979,0.012851,0.037791,0.1471
2024-08-31,Transporte,Centro,Transporte - Centro,154471891.49,108,0.020025,0.013718,0.522658,1107564.83,0.00717,0.012855,0.047281,0.1669
2024-08-31,Transporte,Norte,Transporte - Norte,121365815.09,71,0.021734,0.015979,0.49729,964420.56,0.007946,0.013788,0.037148,0.1629
2024-08-31,Transporte,Sur,Transporte - Sur,82302505.23,47,0.020347,0.014848,0.472488,577375.94,0.007015,0.013332,0.025191,0.1331
2024-09-30,Agroindustria,Bajio,Agroindustria - Bajio,97292182.93,44,0.019167,0.013908,0.502584,680050.6,0.00699,0.012177,0.0296,0.1461
2024-09-30,Agroindustria,Centro,Agroindustria - Centro,100972821.35,41,0.019844,0.005455,0.472869,260461.89,0.00258,0.017264,0.03072,0.148
2024-09-30,Agroindustria,Norte,Agroindustria - Norte,118258432.56,56,0.020508,0.020953,0.453342,1123340.41,0.009499,0.011009,0.035979,0.0963
2024-09-30,Agroindustria,Sur,Agroindustria - Sur,63583001.03,32,0.019141,0.018159,0.468294,540679.14,0.008504,0.010638,0.019345,0.1325
2024-09-30,Comercio,Bajio,Comercio - Bajio,162810746.97,135,0.017874,0.010887,0.362485,642525.33,0.003946,0.013927,0.049534,0.0986
2024-09-30,Comercio,Centro,Comercio - Centro,195573649.79,144,0.018483,0.000996,0.379671,73965.23,0.000378,0.018105,0.059502,0.1481
2024-09-30,Comercio,Norte,Comercio - Norte,184745624.4,155,0.02034,0.011813,0.469737,1025179.25,0.005549,0.014791,0.056208,0.1952
2024-09-30,Comercio,Sur,Comercio - Sur,115335637.87,84,0.021192,0.008288,0.444694,425070.21,0.003686,0.017507,0.03509,0.0872
2024-09-30,Construccion,Bajio,Construccion - Bajio,91506041.32,27,0.019874,0.011062,0.603457,610842.4,0.006675,0.013198,0.02784,0.0817
2024-09-30,Construccion,Centro,Construccion - Centro,159554825.45,46,0.021557,0.014784,0.520479,1227773.59,0.007695,0.013862,0.048543,0.1817
2024-09-30,Construccion,Norte,Construccion - Norte,109166692.71,30,0.022441,0.011362,0.456685,566439.08,0.005189,0.017252,0.033213,0.1426
2024-09-30,Construccion,Sur,Construccion - Sur,70572658.85,20,0.02116,0.022555,0.550222,875843.49,0.012411,0.00875,0.021471,0.2056
2024-09-30,Manufactura,Bajio,Manufactura - Bajio,186961566.87,60,0.014649,0.004361,0.419061,341667.93,0.001827,0.012821,0.056882,0.1784
2024-09-30,Manufactura,Centro,Manufactura - Centro,269288368.21,91,0.016328,0.004191,0.418575,472451.08,0.001754,0.014573,0.081929,0.1891
2024-09-30,Manufactura,Norte,Manufactura - Norte,197109367.74,78,0.017328,0.010879,0.358955,769702.02,0.003905,0.013423,0.059969,0.1884
2024-09-30,Manufactura,Sur,Manufactura - Sur,153881005.48,49,0.016675,0.01183,0.371331,675984.02,0.004393,0.012282,0.046817,0.1141
2024-09-30,Servicios,Bajio,Servicios - Bajio,144419708.89,152,0.014805,0.002458,0.442301,156979.46,0.001087,0.013718,0.043939,0.1386
2024-09-30,Servicios,Centro,Servicios - Centro,152966662.42,156,0.014325,0.0012,0.349674,64188.11,0.00042,0.013905,0.046539,0.219
2024-09-30,Servicios,Norte,Servicios - Norte,157384253.96,187,0.015632,0.004118,0.404459,262138.69,0.001666,0.013967,0.047883,0.1129
2024-09-30,Servicios,Sur,Servicios - Sur,71617576.24,72,0.015972,0.011176,0.361356,289231.16,0.004039,0.011933,0.021789,0.122
2024-09-30,Transporte,Bajio,Transporte - Bajio,124053679.83,70,0.019866,0.0089,0.516275,570011.46,0.004595,0.015271,0.037742,0.1471
2024-09-30,Transporte,Centro,Transporte - Centro,155430118.73,94,0.01931,0.011233,0.510539,891341.34,0.005735,0.013575,0.047288,0.1669
2024-09-30,Transporte,Norte,Transporte - Norte,121408868.98,72,0.019873,0.021662,0.480578,1263914.48,0.01041,0.009462,0.036938,0.1629
2024-09-30,Transporte,Sur,Transporte - Sur,82955084.18,49,0.020994,0.014424,0.518166,620020.86,0.007474,0.013519,0.025238,0.1331
2024-10-31,Agroindustria,Bajio,Agroindustria - Bajio,98451071.64,48,0.017263,0.009259,0.512157,466851.23,0.004742,0.012521,0.02972,0.1461
2024-10-31,Agroindustria,Centro,Agroindustria - Centro,101298289.3,51,0.018607,0.010423,0.474869,501369.44,0.004949,0.013657,0.030579,0.148
2024-10-31,Agroindustria,Norte,Agroindustria - Norte,119793566.8,60,0.018452,0.019357,0.511467,1186036.54,0.009901,0.008552,0.036162,0.0963
2024-10-31,Agroindustria,Sur,Agroindustria - Sur,64189381.01,32,0.019013,0.016334,0.490487,514253.3,0.008012,0.011001,0.019377,0.1325
2024-10-31,Comercio,Bajio,Comercio - Bajio,164183453.1,156,0.017219,0.010046,0.485709,801109.98,0.004879,0.012339,0.049562,0.0986
2024-10-31,Comercio,Centro,Comercio - Centro,197339080.33,143,0.019113,0.002975,0.497714,292158.61,0.00148,0.017632,0.059571,0.1481
2024-10-31,Comercio,Norte,Comercio - Norte,185798347.53,155,0.018311,0.011687,0.531322,1153682.61,0.006209,0.012102,0.056087,0.1952
2024-10-31,Comercio,Sur,Comercio - Sur,116278243.23,83,0.018731,0.00927,0.452724,488000.07,0.004197,0.014534,0.035101,0.0872
2024-10-31,Construccion,Bajio,Construccion - Bajio,91825830.39,26,0.018645,0.009242,0.572506,485866.01,0.005291,0.013354,0.02772,0.0817
2024-10-31,Construccion,Centro,Construccion - Centro,160935370.93,48,0.021551,0.014345,0.530843,1225551.25,0.007615,0.013936,0.048582,0.1817
2024-10-31,Construccion,Norte,Construccion - Norte,109739700.91,29,0.021538,0.01093,0.571992,686050.33,0.006252,0.015287,0.033127,0.1426
2024-10-31,Construccion,Sur,Construccion - Sur,71122940.79,22,0.021799,0.018813,0.555062,742684.48,0.010442,0.011357,0.02147,0.2056
2024-10-31,Manufactura,Bajio,Manufactura - Bajio,188097387.08,71,0.016385,0.004232,0.4222,336108.79,0.001787,0.014598,0.056781,0.1784
2024-10-31,Manufactura,Centro,Manufactura - Centro,272318652.06,100,0.016774,0.007044,0.389822,747751.3,0.002746,0.014029,0.082205,0.1891
2024-10-31,Manufactura,Norte,Manufactura - Norte,197883572.9,79,0.015962,0.008692,0.449528,773168.54,0.003907,0.012055,0.059735,0.1884
2024-10-31,Manufactura,Sur,Manufactura - Sur,155569061.9,49,0.017076,0.009823,0.413125,631313.34,0.004058,0.013018,0.046962,0.1141
2024-10-31,Servicios,Bajio,Servicios - Bajio,145564304.22,181,0.01536,0.004453,0.35464,229866.16,0.001579,0.013781,0.043942,0.1386
2024-10-31,Servicios,Centro,Servicios - Centro,154739286.85,188,0.01558,0.003929,0.425135,258489.73,0.00167,0.013909,0.046711,0.219
2024-10-31,Servicios,Norte,Servicios - Norte,158807162.35,192,0.016259,0.005091,0.358947,290218.5,0.001827,0.014431,0.047939,0.1129
2024-10-31,Servicios,Sur,Servicios - Sur,72090976.21,85,0.017215,0.009734,0.364268,255614.22,0.003546,0.013669,0.021762,0.122
2024-10-31,Transporte,Bajio,Transporte - Bajio,124852096.04,81,0.018593,0.0064,0.598131,477904.67,0.003828,0.014766,0.037689,0.1471
2024-10-31,Transporte,Centro,Transporte - Centro,156578341.94,112,0.019118,0.011352,0.532976,947359.52,0.00605,0.013067,0.047267,0.1669
2024-10-31,Transporte,Norte,Transporte - Norte,121801740.46,86,0.02128,0.018863,0.49178,1129913.66,0.009277,0.012004,0.036768,0.1629
2024-10-31,Transporte,Sur,Transporte - Sur,83410193.46,54,0.020234,0.017826,0.492129,731711.93,0.008772,0.011462,0.025179,0.1331
2024-11-30,Agroindustria,Bajio,Agroindustria - Bajio,99734536.05,49,0.019404,0.007257,0.498252,360607.86,0.003616,0.015788,0.029839,0.1461
2024-11-30,Agroindustria,Centro,Agroindustria - Centro,102259551.68,40,0.020108,0.009784,0.440501,440723.76,0.00431,0.015798,0.030595,0.148
2024-11-30,Agroindustria,Norte,Agroindustria - Norte,121169161.72,49,0.019016,0.0171,0.576245,1193978.02,0.009854,0.009162,0.036252,0.0963
2024-11-30,Agroindustria,Sur,Agroindustria - Sur,64801816.66,27,0.01973,0.019831,0.46614,599020.44,0.009244,0.010486,0.019388,0.1325
2024-11-30,Comercio,Bajio,Comercio - Bajio,165569645.83,137,0.01555,0.011128,0.358571,660651.16,0.00399,0.01156,0.049536,0.0986
2024-11-30,Comercio,Centro,Comercio - Centro,199073001.27,190,0.017156,0.006555,0.461252,601902.55,0.003024,0.014132,0.05956,0.1481
2024-11-30,Comercio,Norte,Comercio - Norte,187529403.38,153,0.01976,0.010278,0.443586,854945.49,0.004559,0.015201,0.056106,0.1952
2024-11-30,Comercio,Sur,Comercio - Sur,117494452.86,85,0.018928,0.011122,0.468144,611770.86,0.005207,0.013721,0.035153,0.0872
2024-11-30,Construccion,Bajio,Construccion - Bajio,92658038.5,27,0.020684,0.007152,0.559213,370605.01,0.004,0.016685,0.027722,0.0817
2024-11-30,Construccion,Centro,Construccion - Centro,162684376.28,50,0.021396,0.017439,0.552991,1568847.16,0.009644,0.011753,0.048673,0.1817
2024-11-30,Construccion,Norte,Construccion - Norte,110314873.71,32,0.022796,0.011922,0.547114,719553.19,0.006523,0.016273,0.033005,0.1426
2024-11-30,Construccion,Sur,Construccion - Sur,71617298.91,18,0.023338,0.015667,0.561366,629863.29,0.008795,0.014543,0.021427,0.2056
2024-11-30,Manufactura,Bajio,Manufactura - Bajio,189727844.38,64,0.015561,0.002766,0.419107,219943.59,0.001159,0.014401,0.056764,0.1784
2024-11-30,Manufactura,Centro,Manufactura - Centro,274739064.46,84,0.017737,0.004814,0.431916,571253.9,0.002079,0.015658,0.082198,0.1891
2024-11-30,Manufactura,Norte,Manufactura - Norte,199103319.88,81,0.016177,0.005205,0.45171,468106.74,0.002351,0.013826,0.059569,0.1884
2024-11-30,Manufactura,Sur,Manufactura - Sur,157461618.71,51,0.018926,0.008683,0.362747,495986.16,0.00315,0.015776,0.04711,0.1141
2024-11-30,Servicios,Bajio,Servicios - Bajio,146737363.82,166,0.015518,0.004912,0.405771,292471.73,0.001993,0.013525,0.043902,0.1386
2024-11-30,Servicios,Centro,Servicios - Centro,155617738.08,156,0.014127,0.003512,0.360168,196841.49,0.001265,0.012862,0.046559,0.219
2024-11-30,Servicios,Norte,Servicios - Norte,160359983.99,187,0.01649,0.006013,0.402979,388572.26,0.002423,0.014067,0.047978,0.1129
2024-11-30,Servicios,Sur,Servicios - Sur,72817161.13,88,0.018321,0.008414,0.349412,214091.98,0.00294,0.015381,0.021786,0.122
2024-11-30,Transporte,Bajio,Transporte - Bajio,126095026.49,72,0.018717,0.00566,0.464226,331328.17,0.002628,0.016089,0.037726,0.1471
2024-11-30,Transporte,Centro,Transporte - Centro,157593000.06,88,0.019315,0.008601,0.511895,693874.54,0.004403,0.014912,0.04715,0.1669
2024-11-30,Transporte,Norte,Transporte - Norte,122991129.88,80,0.019961,0.016109,0.455681,902842.09,0.007341,0.01262,0.036797,0.1629
2024-11-30,Transporte,Sur,Transporte - Sur,84241731.87,53,0.022484,0.015096,0.49492,629381.96,0.007471,0.015013,0.025204,0.1331
2024-12-31,Agroindustria,Bajio,Agroindustria - Bajio,100641358.63,50,0.018012,0.007411,0.48629,362694.0,0.003604,0.014408,0.029846,0.1461
2024-12-31,Agroindustria,Centro,Agroindustria - Centro,102824142.7,46,0.018286,0.009387,0.448898,433299.06,0.004214,0.014072,0.030493,0.148
2024-12-31,Agroindustria,Norte,Agroindustria - Norte,122304762.56,51,0.019561,0.015575,0.411805,784443.67,0.006414,0.013147,0.03627,0.0963
2024-12-31,Agroindustria,Sur,Agroindustria - Sur,65301973.35,31,0.020397,0.017595,0.481499,553224.39,0.008472,0.011925,0.019366,0.1325
2024-12-31,Comercio,Bajio,Comercio - Bajio,167406166.78,124,0.01814,0.009923,0.431519,716823.08,0.004282,0.013858,0.049645,0.0986
2024-12-31,Comercio,Centro,Comercio - Centro,200491440.4,146,0.020039,0.006577,0.482335,636069.29,0.003173,0.016867,0.059457,0.1481
2024-12-31,Comercio,Norte,Comercio - Norte,188925598.08,181,0.018807,0.009175,0.426064,738539.54,0.003909,0.014897,0.056027,0.1952
2024-12-31,Comercio,Sur,Comercio - Sur,118127954.59,109,0.019987,0.011972,0.482426,682245.02,0.005775,0.014211,0.035032,0.0872
2024-12-31,Construccion,Bajio,Construccion - Bajio,93136684.7,23,0.020062,0.007898,0.548031,403127.73,0.004328,0.015733,0.02762,0.0817
2024-12-31,Construccion,Centro,Construccion - Centro,164503217.62,45,0.020601,0.011991,0.543375,1071878.31,0.006516,0.014085,0.048784,0.1817
2024-12-31,Construccion,Norte,Construccion - Norte,111038307.78,29,0.021653,0.014312,0.584238,928446.08,0.008361,0.013291,0.032929,0.1426
2024-12-31,Construccion,Sur,Construccion - Sur,72370442.03,22,0.024331,0.021315,0.557327,859726.64,0.01188,0.012452,0.021462,0.2056
2024-12-31,Manufactura,Bajio,Manufactura - Bajio,191187218.83,78,0.013911,0.00105,0.410224,82384.01,0.000431,0.01348,0.056698,0.1784
2024-12-31,Manufactura,Centro,Manufactura - Centro,278179339.51,93,0.015336,0.005581,0.365742,567839.19,0.002041,0.013294,0.082496,0.1891
2024-12-31,Manufactura,Norte,Manufactura - Norte,200295821.96,78,0.016305,0.005661,0.394614,447411.36,0.002234,0.014071,0.059399,0.1884
2024-12-31,Manufactura,Sur,Manufactura - Sur,159396952.96,51,0.017245,0.009602,0.393878,602838.22,0.003782,0.013463,0.04727,0.1141
2024-12-31,Servicios,Bajio,Servicios - Bajio,148357760.4,186,0.014646,0.003993,0.386233,228787.65,0.001542,0.013103,0.043996,0.1386
2024-12-31,Servicios,Centro,Servicios - Centro,157175572.87,163,0.015287,0.003703,0.395033,229925.84,0.001463,0.013824,0.046611,0.219
2024-12-31,Servicios,Norte,Servicios - Norte,161789528.49,198,0.016134,0.008915,0.35714,515144.86,0.003184,0.01295,0.04798,0.1129
2024-12-31,Servicios,Sur,Servicios - Sur,73392805.15,75,0.01649,0.009024,0.384968,254956.07,0.003474,0.013016,0.021765,0.122
2024-12-31,Transporte,Bajio,Transporte - Bajio,127718805.41,82,0.018016,0.007311,0.47932,447550.83,0.003504,0.014511,0.037876,0.1471
2024-12-31,Transporte,Centro,Transporte - Centro,158848884.47,100,0.01812,0.007824,0.506259,629170.62,0.003961,0.014159,0.047108,0.1669
2024-12-31,Transporte,Norte,Transporte - Norte,123727412.36,77,0.019466,0.010623,0.542693,713317.71,0.005765,0.013701,0.036692,0.1629
2024-12-31,Transporte,Sur,Transporte - Sur,84904392.43,47,0.02152,0.018066,0.538167,825471.14,0.009722,0.011798,0.025179,0.1331
